BrokerName,CaseId,BaseCommission,BonusCommission
Emma,1,125,£0
David,2,125,£570
Ella,3,125,£600
Mike,4,125,£20
Ella,5,125,£510
Ella,6,125,£250
Phil,7,125,£930
Steph,8,125,£50
Steph,9,125,£600
David,10,125,£990
Peter,11,125,£690
Emmá,12,125,£60
Stacy,13,125,£30
Mike,14,125,£270
Ella,15,125,£640
Rob,16,125,£360
Emmá,17,125,£0
Stacy,18,125,£210
Steve,19,125,£0
Ella,20,125,£0
Ella,21,125,£830
Dave,22,125,£110
Ella,23,125,£910
Emma,24,125,£0
Paula,25,125,£150
Dave,26,125,£100
Paula,27,125,£20
Ella,28,125,£420
Stacy,29,125,£340
Dave,30,125,£220
Rob,31,125,£790
Peter,32,125,£1020
Emma,33,125,£0
Phil,34,125,£770
Steph,35,125,£770
Dave,36,125,£400
Peter,37,125,£710
Peter,38,125,£450
Steph,39,125,£10
Stacy,40,125,£0
Peter,41,125,£460
Ella,42,125,£700
Ella,43,125,£0
Dave,44,125,£350
Rob,45,125,£550
Ella,46,125,£30
Rob,47,125,£120
Mike,48,125,£150
Rob,49,125,£600
Mike,50,125,£290
Stacy,51,125,£0
Phil,52,125,£110
Stacy,53,125,£540
Phil,54,125,£570
Mike,55,125,£280
Stacy,56,125,£0
Emma,57,125,£80
Rob,58,125,£20
Mike,59,125,£0
Peter,60,125,£930
Peter,61,125,£790
Steve,62,125,£0
Phil,63,125,£300
Rob,64,125,£1030
Emma,65,125,£0
Paula,66,125,£250
Stacy,67,125,£470
Dave,68,125,£220
Rob,69,125,£570
Dave,70,125,£280
Paula,71,125,£460
Steph,72,125,£760
Ella,73,125,£550
Rob,74,125,£600
Ella,75,125,£850
Rob,76,125,£950
Phil,77,125,£210
Steve,78,125,£0
Ella,79,125,£170
Emma,80,125,£0
Mike,81,125,£70
Steph,82,125,£230
Rob,83,125,£120
Peter,84,125,£100
Ella,85,125,£600
Phil,86,125,£370
Ella,87,125,£190
Phil,88,125,£770
Peter,89,125,£770
David,90,125,£960
Dave,91,125,£520
Steph,92,125,£90
Ella,93,125,£190
Rob,94,125,£710
Ella,95,125,£0
Phil,96,125,£470
Ella,97,125,£770
Peter,98,125,£1010
Steph,99,125,£40
Ella,100,125,£60
Peter,101,125,£280
Ella,102,125,£530
Ella,103,125,£880
Emma,104,125,£70
Steph,105,125,£550
Emma,106,125,£10
Ella,107,125,£470
Dave,108,125,£40
Dave,109,125,£50
Peter,110,125,£720
Paula,111,125,£490
Rob,112,125,£690
Rob,113,125,£430
Steph,114,125,£590
Steph,115,125,£510
Emma,116,125,£0
Mike,117,125,£100
Ella,118,125,£820
Peter,119,125,£470
Mike,120,125,£70
Mike,121,125,£90
Peter,122,125,£960
Steph,123,125,£540
Rob,124,125,£430
Dave,125,125,£410
Emma,126,125,£40
Phil,127,125,£520
Ella,128,125,£640
Rob,129,125,£480
Peter,130,125,£0
Dave,131,125,£180
Paula,132,125,£290
Emma,133,125,£50
Mike,134,125,£130
Stacy,135,125,£180
Rob,136,125,£720
Mike,137,125,£150
Mike,138,125,£220
Peter,139,125,£580
Dave,140,125,£250
Emma,141,125,£0
Peter,142,125,£510
Steph,143,125,£110
Phil,144,125,£510
Steph,145,125,£150
David,146,125,£900
Dave,147,125,£340
Ella,148,125,£720
Paula,149,125,£540
Stacy,150,125,£0
Emma,151,125,£10
Steph,152,125,£70
Steve,153,125,£0
Phil,154,125,£420
Mike,155,125,£220
Stacy,156,125,£510
Mike,157,125,£220
Paula,158,125,£340
Phil,159,125,£330
Peter,160,125,£140
Paula,161,125,£410
David,162,125,£130
Dave,163,125,£10
Rob,164,125,£450
Steph,165,125,£390
Peter,166,125,£0
Steph,167,125,£760
Steph,168,125,£750
Rob,169,125,£130
Paula,170,125,£140
Peter,171,125,£340
Phil,172,125,£1030
Dave,173,125,£210
Phil,174,125,£890
Rob,175,125,£710
Ella,176,125,£770
Ella,177,125,£130
Rob,178,125,£250
Emma,179,125,£0
David,180,125,£0
Emma,181,125,£0
Steph,182,125,£30
Dave,183,125,£490
Mike,184,125,£0
Rob,185,125,£1010
Steph,186,125,£720
Dave,187,125,£410
Emma,188,125,£0
Steph,189,125,£10
David,190,125,£770
Peter,191,125,£130
Dave,192,125,£340
Dave,193,125,£420
Emma,194,125,£0
Steve,195,125,£0
Peter,196,125,£30
Emma,197,125,£0
Ella,198,125,£0
Phil,199,125,£710
Emma,200,125,£0
Mike,201,125,£0
Stacy,202,125,£550
Stacy,203,125,£90
Paula,204,125,£250
Dave,205,125,£40
Phil,206,125,£430
David,207,125,£270
Peter,208,125,£880
Ella,209,125,£900
Peter,210,125,£430
Steph,211,125,£530
Phil,212,125,£1010
Mike,213,125,£30
Steph,214,125,£70
Paula,215,125,£40
Rob,216,125,£670
Dave,217,125,£530
Paula,218,125,£420
Dave,219,125,£180
Peter,220,125,£640
Paula,221,125,£550
Dave,222,125,£110
Paula,223,125,£270
Dave,224,125,£250
Paula,225,125,£110
David,226,125,£360
Ella,227,125,£270
Peter,228,125,£530
Emma,229,125,£0
Ella,230,125,£640
Emma,231,125,£0
Mike,232,125,£50
Emma,233,125,£30
Ella,234,125,£780
Peter,235,125,£700
Emma,236,125,£0
Dave,237,125,£420
Steph,238,125,£540
Phil,239,125,£900
Rob,240,125,£170
Paula,241,125,£0
Dave,242,125,£430
Paula,243,125,£290
Ella,244,125,£770
Steph,245,125,£160
Dave,246,125,£0
Steph,247,125,£430
Peter,248,125,£0
Steph,249,125,£550
Dave,250,125,£480
Phil,251,125,£360
Dave,252,125,£0
Dave,253,125,£150
Stacy,254,125,£360
Dave,255,125,£330
Stacy,256,125,£180
Dave,257,125,£540
Dave,258,125,£360
Ella,259,125,£0
Rob,260,125,£790
Stacy,261,125,£60
Paula,262,125,£270
Rob,263,125,£900
Ella,264,125,£470
Ella,265,125,£310
Stacy,266,125,£540
David,267,125,£170
Emma,268,125,£50
Phil,269,125,£40
Peter,270,125,£0
Peter,271,125,£110
Phil,272,125,£250
Dave,273,125,£250
Ella,274,125,£150
Steve,275,125,£30
Ella,276,125,£0
Peter,277,125,£220
Rob,278,125,£350
Ella,279,125,£770
Dave,280,125,£350
Ella,281,125,£720
Emma,282,125,£0
Rob,283,125,£0
Paula,284,125,£410
Peter,285,125,£450
Ella,286,125,£770
Peter,287,125,£230
Paula,288,125,£310
Stacy,289,125,£0
David,290,125,£940
Rob,291,125,£140
Dave,292,125,£310
Dave,293,125,£250
Phil,294,125,£810
Steph,295,125,£0
Stacy,296,125,£140
Steph,297,125,£420
Phil,298,125,£340
Dave,299,125,£70
Stacy,300,125,£270
Rob,301,125,£420
Rob,302,125,£30
Dave,303,125,£360
Ella,304,125,£90
Ella,305,125,£530
Stacy,306,125,£0
Rob,307,125,£670
Phil,308,125,£160
Steph,309,125,£30
Ella,310,125,£390
Dave,311,125,£0
Ella,312,125,£30
Emma,313,125,£0
Emma,314,125,£0
Emma,315,125,£0
Stacy,316,125,£270
Ella,317,125,£630
Rob,318,125,£750
Steph,319,125,£40
Dave,320,125,£0
Emma,321,125,£0
Rob,322,125,£300
Rob,323,125,£280
Steph,324,125,£0
Ella,325,125,£150
Rob,326,125,£280
Peter,327,125,£760
Stacy,328,125,£370
Emma,329,125,£0
Rob,330,125,£230
Steph,331,125,£300
Phil,332,125,£420
Mike,333,125,£140
Emma,334,125,£0
Dave,335,125,£350
Paula,336,125,£230
Peter,337,125,£70
Emma,338,125,£70
Ella,339,125,£690
Steph,340,125,£340
Peter,341,125,£780
Rob,342,125,£250
Phil,343,125,£30
Peter,344,125,£80
Ella,345,125,£250
Phil,346,125,£210
Steph,347,125,£350
Emma,348,125,£0
Peter,349,125,£250
Ella,350,125,£80
Mike,351,125,£190
Rob,352,125,£640
Rob,353,125,£720
Ella,354,125,£150
Stacy,355,125,£350
Dave,356,125,£360
Rob,357,125,£470
Phil,358,125,£150
David,359,125,£530
Phil,360,125,£950
Mike,361,125,£0
Stacy,362,125,£90
Phil,363,125,£0
Paula,364,125,£50
Rob,365,125,£850
Ella,366,125,£780
David,367,125,£420
Dave,368,125,£100
David,369,125,£600
Rob,370,125,£40
Mike,371,125,£0
Ella,372,125,£700
Emma,373,125,£0
Rob,374,125,£0
Emma,375,125,£0
Steph,376,125,£30
Rob,377,125,£40
Mike,378,125,£50
Rob,379,125,£960
Dave,380,125,£0
Emma,381,125,£0
Ella,382,125,£50
David,383,125,£130
Rob,384,125,£60
Peter,385,125,£130
Emma,386,125,£0
Emma,387,125,£0
Rob,388,125,£530
Steph,389,125,£310
Phil,390,125,£90
Ella,391,125,£370
Dave,392,125,£280
Phil,393,125,£840
Ella,394,125,£160
Peter,395,125,£270
Peter,396,125,£550
Steph,397,125,£80
Ella,398,125,£470
Ella,399,125,£0
Dave,400,125,£230
Ella,401,125,£610
Mike,402,125,£270
Mike,403,125,£160
Steph,404,125,£340
Emma,405,125,£0
David,406,125,£350
Steph,407,125,£210
Emma,408,125,£0
Ella,409,125,£710
Stacy,410,125,£430
Rob,411,125,£700
Emma,412,125,£30
Peter,413,125,£720
Rob,414,125,£170
Steph,415,125,£530
Mike,416,125,£310
Peter,417,125,£80
Mike,418,125,£220
Emma,419,125,£80
Stacy,420,125,£400
Mike,421,125,£40
Steph,422,125,£30
Peter,423,125,£430
Rob,424,125,£110
Phil,425,125,£1010
Ella,426,125,£120
Ella,427,125,£140
Emma,428,125,£0
Phil,429,125,£120
Ella,430,125,£220
Rob,431,125,£70
Ella,432,125,£840
Mike,433,125,£0
Steph,434,125,£360
Ella,435,125,£80
David,436,125,£970
Steve,437,125,£80
Steph,438,125,£370
Peter,439,125,£880
Paula,440,125,£30
Dave,441,125,£330
Dave,442,125,£510
Ella,443,125,£340
Emma,444,125,£0
Dave,445,125,£400
Steve,446,125,£80
Rob,447,125,£900
Phil,448,125,£780
Paula,449,125,£20
Ella,450,125,£290
Steph,451,125,£0
Mike,452,125,£120
Phil,453,125,£810
Rob,454,125,£210
Peter,455,125,£700
Steph,456,125,£640
Ella,457,125,£150
Emma,458,125,£90
Stacy,459,125,£20
Steve,460,125,£80
Steph,461,125,£640
Peter,462,125,£0
Phil,463,125,£710
Rob,464,125,£510
Ella,465,125,£40
Rob,466,125,£220
Mike,467,125,£180
Stacy,468,125,£530
Peter,469,125,£0
Emma,470,125,£10
Ella,471,125,£370
Stacy,472,125,£80
Ella,473,125,£210
Dave,474,125,£510
Ella,475,125,£240
David,476,125,£950
Rob,477,125,£730
Ella,478,125,£360
Phil,479,125,£350
Phil,480,125,£330
Ella,481,125,£540
Steve,482,125,£90
Rob,483,125,£0
Rob,484,125,£150
Paula,485,125,£0
Rob,486,125,£110
Emma,487,125,£0
Steph,488,125,£610
Phil,489,125,£280
Stacy,490,125,£50
Dave,491,125,£0
Paula,492,125,£510
Ella,493,125,£360
Rob,494,125,£830
Peter,495,125,£1010
Rob,496,125,£100
Dave,497,125,£30
Ella,498,125,£220
Steph,499,125,£480
Paula,500,125,£30
Ella,501,125,£40
Ella,502,125,£290
Steph,503,125,£450
Ella,504,125,£690
Phil,505,125,£290
Stacy,506,125,£250
Ella,507,125,£350
Mike,508,125,£240
Rob,509,125,£960
Peter,510,125,£900
Rob,511,125,£360
Steph,512,125,£290
Paula,513,125,£280
Rob,514,125,£120
Steve,515,125,£100
Paula,516,125,£60
Dave,517,125,£0
Ella,518,125,£880
Ella,519,125,£820
Rob,520,125,£510
Dave,521,125,£370
Rob,522,125,£990
Dave,523,125,£140
Ella,524,125,£360
Ella,525,125,£190
Steph,526,125,£410
Dave,527,125,£550
Paula,528,125,£40
Ella,529,125,£310
Paula,530,125,£110
Mike,531,125,£190
Dave,532,125,£0
Phil,533,125,£0
Dave,534,125,£90
David,535,125,£600
David,536,125,£700
Paula,537,125,£0
Phil,538,125,£780
Ella,539,125,£890
Steph,540,125,£270
Emma,541,125,£0
Rob,542,125,£240
Phil,543,125,£700
Dave,544,125,£0
Steph,545,125,£730
Ella,546,125,£190
Stacy,547,125,£20
Steph,548,125,£120
Emma,549,125,£0
Steph,550,125,£140
Mike,551,125,£190
Emma,552,125,£30
Emma,553,125,£0
Rob,554,125,£600
Stacy,555,125,£180
Rob,556,125,£930
Phil,557,125,£470
Steph,558,125,£250
Rob,559,125,£900
Phil,560,125,£530
Emma,561,125,£0
Steph,562,125,£170
Steve,563,125,£110
Phil,564,125,£350
Phil,565,125,£350
Peter,566,125,£790
Mike,567,125,£0
Dave,568,125,£0
Rob,569,125,£80
Phil,570,125,£110
Steph,571,125,£60
Rob,572,125,£350
Ella,573,125,£100
David,574,125,£170
Phil,575,125,£350
Peter,576,125,£720
Steph,577,125,£60
Emma,578,125,£70
Steve,579,125,£110
Ella,580,125,£170
Ella,581,125,£400
Ella,582,125,£240
Ella,583,125,£340
Dave,584,125,£0
Steve,585,125,£120
Ella,586,125,£790
Paula,587,125,£50
Peter,588,125,£960
Phil,589,125,£100
Emma,590,125,£50
Steph,591,125,£10
Ella,592,125,£870
Ella,593,125,£230
Dave,594,125,£190
Rob,595,125,£1030
Phil,596,125,£250
Stacy,597,125,£30
Dave,598,125,£400
Ella,599,125,£370
Emma,600,125,£70
Peter,601,125,£0
David,602,125,£70
Ella,603,125,£290
Rob,604,125,£40
Rob,605,125,£90
Ella,606,125,£240
Ella,607,125,£700
Dave,608,125,£80
Dave,609,125,£520
Phil,610,125,£120
Rob,611,125,£80
Emma,612,125,£10
Steph,613,125,£240
Ella,614,125,£810
Peter,615,125,£770
Phil,616,125,£1020
Steve,617,125,£130
Phil,618,125,£110
Dave,619,125,£80
David,620,125,£900
David,621,125,£230
Peter,622,125,£40
Steph,623,125,£210
Ella,624,125,£850
Steph,625,125,£610
Phil,626,125,£940
Steve,627,125,£130
Steph,628,125,£80
Emma,629,125,£80
Mike,630,125,£310
Paula,631,125,£310
Ella,632,125,£810
Dave,633,125,£280
Ella,634,125,£0
Steph,635,125,£340
Dave,636,125,£230
Peter,637,125,£570
Steve,638,125,£130
Steve,639,125,£130
Dave,640,125,£410
Emma,641,125,£0
Ella,642,125,£110
Stacy,643,125,£0
David,644,125,£880
Ella,645,125,£660
Steph,646,125,£450
Stacy,647,125,£120
Emma,648,125,£10
Dave,649,125,£190
Emma,650,125,£80
Ella,651,125,£70
Peter,652,125,£970
Peter,653,125,£690
Dave,654,125,£0
Ella,655,125,£590
Emma,656,125,£0
Mike,657,125,£70
Stacy,658,125,£550
Rob,659,125,£80
Stacy,660,125,£400
Paula,661,125,£520
Steph,662,125,£630
Stacy,663,125,£310
Paula,664,125,£210
Phil,665,125,£310
Dave,666,125,£340
Ella,667,125,£370
Steph,668,125,£470
Mike,669,125,£90
Peter,670,125,£430
Emma,671,125,£0
Rob,672,125,£0
Peter,673,125,£120
Peter,674,125,£280
David,675,125,£470
Emma,676,125,£50
Paula,677,125,£0
David,678,125,£290
Rob,679,125,£530
Paula,680,125,£490
Peter,681,125,£790
Emma,682,125,£30
David,683,125,£240
David,684,125,£720
Mike,685,125,£80
Dave,686,125,£250
Phil,687,125,£0
Rob,688,125,£130
Stacy,689,125,£450
Stacy,690,125,£280
Phil,691,125,£80
David,692,125,£700
Ella,693,125,£650
Steph,694,125,£710
David,695,125,£80
Dave,696,125,£90
Paula,697,125,£120
Mike,698,125,£110
Dave,699,125,£530
Steph,700,125,£540
Steve,701,125,£150
Dave,702,125,£490
Ella,703,125,£770
Ella,704,125,£80
Steph,705,125,£530
Dave,706,125,£400
Phil,707,125,£990
Dave,708,125,£490
Paula,709,125,£450
David,710,125,£340
Steph,711,125,£70
Stacy,712,125,£140
Rob,713,125,£880
Phil,714,125,£850
Steph,715,125,£360
Emma,716,125,£10
Ella,717,125,£170
Dave,718,125,£470
Emma,719,125,£60
Mike,720,125,£300
Ella,721,125,£550
Peter,722,125,£250
Paula,723,125,£60
Steve,724,125,£150
Rob,725,125,£700
Emma,726,125,£50
Dave,727,125,£80
Peter,728,125,£720
Emma,729,125,£0
Steph,730,125,£100
Steph,731,125,£300
Steve,732,125,£160
Emma,733,125,£0
Steph,734,125,£300
Paula,735,125,£470
Ella,736,125,£230
Mike,737,125,£0
Ella,738,125,£50
Emma,739,125,£90
Phil,740,125,£0
Steph,741,125,£0
Emma,742,125,£0
Ella,743,125,£650
Steph,744,125,£190
David,745,125,£90
Steph,746,125,£160
Paula,747,125,£230
Rob,748,125,£870
Mike,749,125,£60
Emma,750,125,£0
Paula,751,125,£110
Peter,752,125,£1010
Steph,753,125,£50
Paula,754,125,£180
Stacy,755,125,£0
Mike,756,125,£300
Phil,757,125,£970
Rob,758,125,£690
Phil,759,125,£960
Dave,760,125,£40
Peter,761,125,£270
Steph,762,125,£570
Paula,763,125,£180
Stacy,764,125,£460
Phil,765,125,£820
Peter,766,125,£250
Paula,767,125,£350
Steph,768,125,£230
Phil,769,125,£470
Dave,770,125,£0
Paula,771,125,£490
Stacy,772,125,£340
Phil,773,125,£970
Emma,774,125,£0
Peter,775,125,£650
Ella,776,125,£360
Ella,777,125,£570
David,778,125,£630
Steve,779,125,£170
Steve,780,125,£170
Steve,781,125,£170
Dave,782,125,£540
Steve,783,125,£170
Mike,784,125,£280
Ella,785,125,£700
Rob,786,125,£570
Rob,787,125,£390
Peter,788,125,£470
Paula,789,125,£530
Stacy,790,125,£250
David,791,125,£690
Steve,792,125,£170
Phil,793,125,£10
David,794,125,£30
Peter,795,125,£990
Mike,796,125,£160
Mike,797,125,£0
Steph,798,125,£590
Peter,799,125,£720
Emma,800,125,£0
Ella,801,125,£50
Paula,802,125,£270
Dave,803,125,£240
Peter,804,125,£480
Ella,805,125,£850
Rob,806,125,£470
Steve,807,125,£180
Mike,808,125,£20
Mike,809,125,£40
David,810,125,£780
Peter,811,125,£540
Phil,812,125,£720
Phil,813,125,£490
David,814,125,£290
Paula,815,125,£400
Rob,816,125,£930
Rob,817,125,£70
Mike,818,125,£50
Ella,819,125,£0
Rob,820,125,£470
Emma,821,125,£0
Emma,822,125,£50
Ella,823,125,£0
Emma,824,125,£0
Emma,825,125,£0
Mike,826,125,£180
Phil,827,125,£70
Phil,828,125,£790
Emma,829,125,£90
Peter,830,125,£660
Mike,831,125,£300
Stacy,832,125,£360
Ella,833,125,£790
Ella,834,125,£20
Paula,835,125,£0
Rob,836,125,£160
Phil,837,125,£890
Phil,838,125,£280
Ella,839,125,£530
Steph,840,125,£140
Peter,841,125,£230
Peter,842,125,£110
Peter,843,125,£420
Peter,844,125,£150
Phil,845,125,£600
Ella,846,125,£40
Rob,847,125,£250
David,848,125,£80
Steph,849,125,£20
Emma,850,125,£30
Steph,851,125,£70
Ella,852,125,£170
Rob,853,125,£140
Phil,854,125,£550
Rob,855,125,£760
Ella,856,125,£250
Ella,857,125,£370
Stacy,858,125,£150
Steph,859,125,£0
Ella,860,125,£0
Paula,861,125,£480
Peter,862,125,£490
Steph,863,125,£0
Emma,864,125,£0
Dave,865,125,£0
Mike,866,125,£40
Phil,867,125,£80
Rob,868,125,£660
Phil,869,125,£270
Mike,870,125,£110
Paula,871,125,£290
Emma,872,125,£50
Rob,873,125,£780
Ella,874,125,£180
Paula,875,125,£50
Peter,876,125,£690
Ella,877,125,£100
Mike,878,125,£70
Ella,879,125,£420
Ella,880,125,£510
Ella,881,125,£600
Ella,882,125,£300
Peter,883,125,£480
Steve,884,125,£210
Rob,885,125,£280
Ella,886,125,£40
Emma,887,125,£40
Peter,888,125,£390
Emma,889,125,£0
Mike,890,125,£270
Rob,891,125,£300
Mike,892,125,£150
Paula,893,125,£40
Rob,894,125,£270
Ella,895,125,£830
Dave,896,125,£90
Steph,897,125,£420
Emma,898,125,£0
Emma,899,125,£80
Emma,900,125,£50
Ella,901,125,£470
Ella,902,125,£150
Paula,903,125,£0
Ella,904,125,£150
Phil,905,125,£310
Rob,906,125,£790
Steve,907,125,£220
Phil,908,125,£350
Ella,909,125,£670
Peter,910,125,£900
Ella,911,125,£70
Dave,912,125,£350
Steph,913,125,£710
Mike,914,125,£0
Steph,915,125,£590
Rob,916,125,£850
Emma,917,125,£50
Dave,918,125,£0
Paula,919,125,£70
Dave,920,125,£540
Steph,921,125,£650
Stacy,922,125,£230
Dave,923,125,£460
Phil,924,125,£90
Ella,925,125,£700
Phil,926,125,£880
Steve,927,125,£220
Stacy,928,125,£70
Mike,929,125,£0
Mike,930,125,£190
Steph,931,125,£310
Ella,932,125,£0
Stacy,933,125,£310
Phil,934,125,£690
Ella,935,125,£160
Steph,936,125,£530
Rob,937,125,£230
Ella,938,125,£510
Mike,939,125,£220
Emma,940,125,£0
Phil,941,125,£850
Steph,942,125,£650
Rob,943,125,£850
Peter,944,125,£240
Dave,945,125,£210
Ella,946,125,£570
Mike,947,125,£0
Phil,948,125,£90
Peter,949,125,£30
Steph,950,125,£240
Phil,951,125,£170
Mike,952,125,£0
Rob,953,125,£110
Steph,954,125,£570
Ella,955,125,£150
Steph,956,125,£330
Rob,957,125,£810
Mike,958,125,£310
Dave,959,125,£550
Mike,960,125,£180
Rob,961,125,£300
Emma,962,125,£0
Steph,963,125,£350
Phil,964,125,£150
Rob,965,125,£510
Mike,966,125,£30
Paula,967,125,£540
Rob,968,125,£970
Steve,969,125,£230
Stacy,970,125,£190
Peter,971,125,£160
Emma,972,125,£90
Steve,973,125,£230
Ella,974,125,£810
David,975,125,£170
Phil,976,125,£1020
Emma,977,125,£0
Dave,978,125,£160
Steph,979,125,£510
Paula,980,125,£350
Steph,981,125,£150
Stacy,982,125,£110
Dave,983,125,£130
Phil,984,125,£420
Steph,985,125,£290
Steph,986,125,£0
Ella,987,125,£30
Phil,988,125,£1010
Dave,989,125,£340
Peter,990,125,£170
Emma,991,125,£40
Stacy,992,125,£40
Ella,993,125,£630
Steph,994,125,£590
David,995,125,£570
Rob,996,125,£30
Paula,997,125,£360
Steve,998,125,£240
Peter,999,125,£780
Stacy,1000,125,£0
Ella,1001,125,£310
Ella,1002,125,£130
Ella,1003,125,£480
Paula,1004,125,£540
Ella,1005,125,£790
Stacy,1006,125,£50
Stacy,1007,125,£0
Ella,1008,125,£60
Steph,1009,125,£590
Dave,1010,125,£460
Dave,1011,125,£300
Ella,1012,125,£910
Phil,1013,125,£810
Ella,1014,125,£770
Emma,1015,125,£0
Ella,1016,125,£530
Peter,1017,125,£150
Dave,1018,125,£0
Rob,1019,125,£100
Steph,1020,125,£580
Rob,1021,125,£900
Ella,1022,125,£430
Ella,1023,125,£850
Steve,1024,125,£250
Steph,1025,125,£610
Stacy,1026,125,£110
Ella,1027,125,£10
Phil,1028,125,£570
Mike,1029,125,£10
Emma,1030,125,£40
Rob,1031,125,£190
Rob,1032,125,£170
Rob,1033,125,£480
Stacy,1034,125,£510
Ella,1035,125,£350
Steph,1036,125,£600
Phil,1037,125,£750
Dave,1038,125,£190
Dave,1039,125,£0
Phil,1040,125,£640
Dave,1041,125,£180
Steph,1042,125,£0
Stacy,1043,125,£100
Rob,1044,125,£70
Rob,1045,125,£970
Steph,1046,125,£750
Mike,1047,125,£40
Emma,1048,125,£0
Emma,1049,125,£60
Ella,1050,125,£160
Mike,1051,125,£0
Peter,1052,125,£90
Steph,1053,125,£310
Dave,1054,125,£10
Paula,1055,125,£540
Steph,1056,125,£430
Steph,1057,125,£0
Paula,1058,125,£210
Emma,1059,125,£0
Dave,1060,125,£180
Rob,1061,125,£230
Emma,1062,125,£80
Phil,1063,125,£900
Emma,1064,125,£0
Rob,1065,125,£110
Steph,1066,125,£420
Emma,1067,125,£40
Steph,1068,125,£420
Dave,1069,125,£490
Mike,1070,125,£310
Peter,1071,125,£310
Steve,1072,125,£270
Steph,1073,125,£100
Mike,1074,125,£220
Phil,1075,125,£390
Emma,1076,125,£10
Stacy,1077,125,£280
Ella,1078,125,£360
Steph,1079,125,£300
Peter,1080,125,£20
Paula,1081,125,£90
Dave,1082,125,£190
Phil,1083,125,£40
Dave,1084,125,£310
Dave,1085,125,£290
Phil,1086,125,£350
Steph,1087,125,£540
Emma,1088,125,£0
Peter,1089,125,£950
Emma,1090,125,£0
Phil,1091,125,£550
Dave,1092,125,£0
Dave,1093,125,£0
Rob,1094,125,£0
Peter,1095,125,£50
Stacy,1096,125,£550
Paula,1097,125,£150
Mike,1098,125,£130
Ella,1099,125,£80
Steph,1100,125,£700
Rob,1101,125,£330
Peter,1102,125,£460
Stacy,1103,125,£60
Ella,1104,125,£210
Rob,1105,125,£290
Phil,1106,125,£700
Mike,1107,125,£10
Phil,1108,125,£650
Paula,1109,125,£50
Stacy,1110,125,£70
Ella,1111,125,£910
Rob,1112,125,£420
Dave,1113,125,£30
Emma,1114,125,£0
Mike,1115,125,£90
Peter,1116,125,£820
Paula,1117,125,£80
Emma,1118,125,£0
Steve,1119,125,£280
Steve,1120,125,£280
Dave,1121,125,£0
Rob,1122,125,£80
David,1123,125,£550
Dave,1124,125,£180
Phil,1125,125,£80
Ella,1126,125,£870
Steve,1127,125,£290
Dave,1128,125,£0
David,1129,125,£1010
Phil,1130,125,£280
Steve,1131,125,£290
Steph,1132,125,£40
Emma,1133,125,£30
Phil,1134,125,£140
Dave,1135,125,£50
Paula,1136,125,£180
Phil,1137,125,£760
Emma,1138,125,£30
Peter,1139,125,£150
Emma,1140,125,£0
Rob,1141,125,£410
Ella,1142,125,£80
Mike,1143,125,£0
Steve,1144,125,£290
Peter,1145,125,£100
Paula,1146,125,£210
Steph,1147,125,£0
Paula,1148,125,£470
Peter,1149,125,£330
Dave,1150,125,£400
Ella,1151,125,£570
Phil,1152,125,£150
Phil,1153,125,£960
Emma,1154,125,£0
Rob,1155,125,£40
Phil,1156,125,£120
Stacy,1157,125,£230
Steph,1158,125,£350
Emma,1159,125,£70
Paula,1160,125,£20
Peter,1161,125,£540
Stacy,1162,125,£520
Phil,1163,125,£790
Phil,1164,125,£720
Steve,1165,125,£300
Steph,1166,125,£530
Rob,1167,125,£30
Phil,1168,125,£650
Phil,1169,125,£700
Emma,1170,125,£20
Dave,1171,125,£110
Emma,1172,125,£0
David,1173,125,£720
Emma,1174,125,£0
Ella,1175,125,£180
Ella,1176,125,£530
Paula,1177,125,£310
Ella,1178,125,£140
Ella,1179,125,£410
Phil,1180,125,£700
Dave,1181,125,£290
Steph,1182,125,£160
Mike,1183,125,£140
Emma,1184,125,£80
Rob,1185,125,£720
Ella,1186,125,£250
Paula,1187,125,£120
Mike,1188,125,£190
Rob,1189,125,£130
Ella,1190,125,£100
David,1191,125,£900
David,1192,125,£290
Rob,1193,125,£310
Dave,1194,125,£430
Mike,1195,125,£290
Steph,1196,125,£180
Phil,1197,125,£370
Phil,1198,125,£1020
Ella,1199,125,£540
Rob,1200,125,£1020
Emma,1201,125,£0
Mike,1202,125,£180
Ella,1203,125,£20
Phil,1204,125,£470
Phil,1205,125,£700
Steph,1206,125,£250
Ella,1207,125,£650
Paula,1208,125,£410
Peter,1209,125,£950
Mike,1210,125,£90
Ella,1211,125,£530
David,1212,125,£840
Dave,1213,125,£80
Peter,1214,125,£0
Paula,1215,125,£430
Steph,1216,125,£690
Mike,1217,125,£0
Paula,1218,125,£0
Paula,1219,125,£70
Steve,1220,125,£310
Phil,1221,125,£930
Paula,1222,125,£480
Rob,1223,125,£280
Dave,1224,125,£330
Stacy,1225,125,£160
Peter,1226,125,£360
Ella,1227,125,£300
David,1228,125,£0
Phil,1229,125,£720
Stacy,1230,125,£100
Rob,1231,125,£140
Phil,1232,125,£340
Paula,1233,125,£340
Paula,1234,125,£140
Emma,1235,125,£0
Phil,1236,125,£530
Stacy,1237,125,£350
Rob,1238,125,£1020
David,1239,125,£360
Steph,1240,125,£0
Ella,1241,125,£170
Ella,1242,125,£110
Ella,1243,125,£660
Emma,1244,125,£0
Phil,1245,125,£30
Phil,1246,125,£140
Steph,1247,125,£770
Steph,1248,125,£400
Steph,1249,125,£230
Dave,1250,125,£10
Ella,1251,125,£610
Ella,1252,125,£750
Peter,1253,125,£350
Emma,1254,125,£40
Mike,1255,125,£140
Dave,1256,125,£350
Emma,1257,125,£10
Rob,1258,125,£580
Rob,1259,125,£230
Ella,1260,125,£600
Phil,1261,125,£640
Dave,1262,125,£210
Rob,1263,125,£350
Rob,1264,125,£950
Phil,1265,125,£510
Ella,1266,125,£490
Ella,1267,125,£820
David,1268,125,£410
Emma,1269,125,£0
David,1270,125,£280
Ella,1271,125,£170
Phil,1272,125,£0
Mike,1273,125,£30
Rob,1274,125,£420
Steph,1275,125,£130
Peter,1276,125,£940
Dave,1277,125,£0
Rob,1278,125,£80
Ella,1279,125,£690
Dave,1280,125,£40
Steph,1281,125,£310
Peter,1282,125,£80
Steph,1283,125,£190
David,1284,125,£390
Ella,1285,125,£590
Emma,1286,125,£0
Rob,1287,125,£880
Phil,1288,125,£130
Steph,1289,125,£660
Rob,1290,125,£990
Dave,1291,125,£230
Ella,1292,125,£610
Steve,1293,125,£340
Dave,1294,125,£360
Stacy,1295,125,£480
Phil,1296,125,£1030
Dave,1297,125,£400
Mike,1298,125,£0
Dave,1299,125,£460
Steph,1300,125,£700
Emma,1301,125,£0
Dave,1302,125,£340
Emma,1303,125,£60
Dave,1304,125,£520
Peter,1305,125,£780
Paula,1306,125,£250
Dave,1307,125,£0
Stacy,1308,125,£0
Ella,1309,125,£820
Emma,1310,125,£0
Phil,1311,125,£730
Steve,1312,125,£350
David,1313,125,£0
Rob,1314,125,£70
Ella,1315,125,£190
Steph,1316,125,£100
Ella,1317,125,£210
Steve,1318,125,£350
David,1319,125,£400
Rob,1320,125,£0
Ella,1321,125,£900
Steve,1322,125,£350
Emma,1323,125,£0
Dave,1324,125,£20
Steve,1325,125,£350
Steph,1326,125,£240
Dave,1327,125,£210
Mike,1328,125,£30
Mike,1329,125,£0
Emma,1330,125,£30
Emma,1331,125,£0
David,1332,125,£550
Mike,1333,125,£220
Ella,1334,125,£90
Phil,1335,125,£590
Steph,1336,125,£390
Ella,1337,125,£730
Emma,1338,125,£0
Dave,1339,125,£130
Rob,1340,125,£990
Phil,1341,125,£180
Mike,1342,125,£310
Paula,1343,125,£80
David,1344,125,£730
Steve,1345,125,£360
Emma,1346,125,£70
Phil,1347,125,£780
Stacy,1348,125,£480
Dave,1349,125,£150
Paula,1350,125,£210
Mike,1351,125,£240
Dave,1352,125,£550
Phil,1353,125,£0
Rob,1354,125,£0
Rob,1355,125,£350
Ella,1356,125,£60
Ella,1357,125,£710
David,1358,125,£0
Ella,1359,125,£670
Emma,1360,125,£50
Ella,1361,125,£310
Emma,1362,125,£0
Ella,1363,125,£270
Emma,1364,125,£20
Rob,1365,125,£570
Emma,1366,125,£0
Phil,1367,125,£70
Peter,1368,125,£420
Peter,1369,125,£60
Emma,1370,125,£50
Steve,1371,125,£360
Paula,1372,125,£0
Mike,1373,125,£80
Dave,1374,125,£170
Dave,1375,125,£350
Phil,1376,125,£360
David,1377,125,£390
David,1378,125,£1010
Paula,1379,125,£180
Peter,1380,125,£900
Paula,1381,125,£310
Steph,1382,125,£510
David,1383,125,£430
Stacy,1384,125,£270
Dave,1385,125,£390
Dave,1386,125,£0
Ella,1387,125,£0
Stacy,1388,125,£180
Peter,1389,125,£290
Paula,1390,125,£370
Paula,1391,125,£160
Rob,1392,125,£960
Peter,1393,125,£710
Emma,1394,125,£40
Ella,1395,125,£880
Phil,1396,125,£710
Steph,1397,125,£390
Phil,1398,125,£700
Ella,1399,125,£640
Paula,1400,125,£0
Ella,1401,125,£220
Dave,1402,125,£70
Peter,1403,125,£670
Emma,1404,125,£0
Stacy,1405,125,£230
Ella,1406,125,£190
Emma,1407,125,£0
Dave,1408,125,£540
Dave,1409,125,£150
Emma,1410,125,£0
Dave,1411,125,£180
Phil,1412,125,£270
Rob,1413,125,£820
Rob,1414,125,£730
Ella,1415,125,£580
Paula,1416,125,£180
Peter,1417,125,£340
Phil,1418,125,£90
Dave,1419,125,£140
Peter,1420,125,£940
Phil,1421,125,£640
Steph,1422,125,£520
Rob,1423,125,£420
Paula,1424,125,£0
Peter,1425,125,£300
Steph,1426,125,£0
David,1427,125,£820
Emma,1428,125,£30
Dave,1429,125,£430
Emma,1430,125,£0
David,1431,125,£0
Mike,1432,125,£0
Ella,1433,125,£360
Steph,1434,125,£270
David,1435,125,£250
David,1436,125,£750
Peter,1437,125,£670
Steph,1438,125,£510
Steph,1439,125,£290
Peter,1440,125,£360
Phil,1441,125,£110
Dave,1442,125,£110
Paula,1443,125,£410
Paula,1444,125,£460
Mike,1445,125,£50
Paula,1446,125,£360
Phil,1447,125,£710
Steph,1448,125,£750
Stacy,1449,125,£540
Emma,1450,125,£20
Steve,1451,125,£390
Steph,1452,125,£610
Ella,1453,125,£550
Steve,1454,125,£390
Phil,1455,125,£250
Stacy,1456,125,£0
Peter,1457,125,£110
Paula,1458,125,£470
Dave,1459,125,£420
Dave,1460,125,£140
Ella,1461,125,£90
Mike,1462,125,£80
Dave,1463,125,£290
Ella,1464,125,£0
Steph,1465,125,£0
Stacy,1466,125,£530
Emma,1467,125,£0
Dave,1468,125,£310
Dave,1469,125,£0
Phil,1470,125,£130
Peter,1471,125,£790
Paula,1472,125,£0
Ella,1473,125,£400
Dave,1474,125,£220
Ella,1475,125,£410
Steph,1476,125,£730
Paula,1477,125,£0
Phil,1478,125,£970
Paula,1479,125,£30
Peter,1480,125,£600
Emma,1481,125,£0
Steph,1482,125,£280
Steph,1483,125,£540
Ella,1484,125,£850
Dave,1485,125,£110
Emma,1486,125,£10
Dave,1487,125,£0
Paula,1488,125,£460
Paula,1489,125,£0
Mike,1490,125,£270
Ella,1491,125,£30
Steve,1492,125,£400
Phil,1493,125,£0
Phil,1494,125,£140
Mike,1495,125,£0
Stacy,1496,125,£190
Emma,1497,125,£90
Rob,1498,125,£590
Emma,1499,125,£0
Mike,1500,125,£0
Rob,1501,125,£450
Emma,1502,125,£0
Rob,1503,125,£670
Mike,1504,125,£0
Stacy,1505,125,£110
Emma,1506,125,£0
Phil,1507,125,£790
Steph,1508,125,£290
Phil,1509,125,£290
Paula,1510,125,£20
Paula,1511,125,£100
David,1512,125,£450
Emma,1513,125,£0
Ella,1514,125,£430
Stacy,1515,125,£370
Steph,1516,125,£150
Stacy,1517,125,£10
Dave,1518,125,£270
Steph,1519,125,£180
Paula,1520,125,£140
Phil,1521,125,£0
David,1522,125,£430
Steph,1523,125,£50
Rob,1524,125,£40
Steph,1525,125,£670
Rob,1526,125,£550
Ella,1527,125,£400
Emma,1528,125,£0
Rob,1529,125,£750
Rob,1530,125,£110
Steve,1531,125,£420
Steve,1532,125,£420
Mike,1533,125,£310
Ella,1534,125,£660
Rob,1535,125,£100
Peter,1536,125,£1030
Mike,1537,125,£280
Rob,1538,125,£460
Emma,1539,125,£0
Ella,1540,125,£420
Peter,1541,125,£880
Rob,1542,125,£210
Phil,1543,125,£130
Peter,1544,125,£270
Steve,1545,125,£420
Peter,1546,125,£420
Peter,1547,125,£350
Rob,1548,125,£290
Peter,1549,125,£0
Phil,1550,125,£80
Ella,1551,125,£430
David,1552,125,£230
David,1553,125,£790
Phil,1554,125,£760
Emma,1555,125,£50
Rob,1556,125,£1010
Dave,1557,125,£370
Rob,1558,125,£370
Stacy,1559,125,£170
Emma,1560,125,£50
Steph,1561,125,£110
Steph,1562,125,£300
Dave,1563,125,£460
Peter,1564,125,£850
Dave,1565,125,£110
Emma,1566,125,£60
Emma,1567,125,£20
Steph,1568,125,£90
Phil,1569,125,£990
Ella,1570,125,£580
Emma,1571,125,£0
Steph,1572,125,£0
Peter,1573,125,£350
Ella,1574,125,£910
Ella,1575,125,£270
Mike,1576,125,£250
Phil,1577,125,£1000
Rob,1578,125,£0
Peter,1579,125,£780
Mike,1580,125,£0
Phil,1581,125,£60
Steph,1582,125,£0
Steve,1583,125,£430
Steph,1584,125,£0
Rob,1585,125,£700
Paula,1586,125,£530
David,1587,125,£580
Peter,1588,125,£120
Paula,1589,125,£370
Phil,1590,125,£540
Steph,1591,125,£240
Stacy,1592,125,£0
Rob,1593,125,£390
Peter,1594,125,£0
Ella,1595,125,£630
Steve,1596,125,£430
Emma,1597,125,£0
Dave,1598,125,£450
Phil,1599,125,£430
Peter,1600,125,£40
Stacy,1601,125,£270
David,1602,125,£220
Peter,1603,125,£600
Phil,1604,125,£420
Stacy,1605,125,£110
Phil,1606,125,£690
Dave,1607,125,£50
Stacy,1608,125,£490
Phil,1609,125,£550
Dave,1610,125,£210
Emma,1611,125,£80
Peter,1612,125,£280
Dave,1613,125,£0
Phil,1614,125,£230
Ella,1615,125,£550
Peter,1616,125,£720
Steph,1617,125,£0
Ella,1618,125,£90
Rob,1619,125,£470
Phil,1620,125,£600
David,1621,125,£1020
Rob,1622,125,£160
Peter,1623,125,£30
Steph,1624,125,£590
David,1625,125,£900
Mike,1626,125,£130
Dave,1627,125,£450
Phil,1628,125,£40
David,1629,125,£0
Dave,1630,125,£100
Ella,1631,125,£190
Emma,1632,125,£40
Dave,1633,125,£0
Rob,1634,125,£650
Ella,1635,125,£70
Steve,1636,125,£450
Paula,1637,125,£530
Ella,1638,125,£90
Phil,1639,125,£510
Mike,1640,125,£0
Dave,1641,125,£290
Dave,1642,125,£470
Phil,1643,125,£840
Steph,1644,125,£600
Mike,1645,125,£10
Steph,1646,125,£0
Mike,1647,125,£40
Steph,1648,125,£250
Steph,1649,125,£0
Emma,1650,125,£0
Phil,1651,125,£0
David,1652,125,£100
Dave,1653,125,£0
Steph,1654,125,£30
Peter,1655,125,£40
Ella,1656,125,£120
Rob,1657,125,£780
Steph,1658,125,£180
Steve,1659,125,£460
Paula,1660,125,£110
Mike,1661,125,£150
Ella,1662,125,£550
David,1663,125,£300
Mike,1664,125,£0
Ella,1665,125,£110
Rob,1666,125,£80
Rob,1667,125,£10
Stacy,1668,125,£40
Rob,1669,125,£350
Mike,1670,125,£250
Phil,1671,125,£30
Rob,1672,125,£640
Ella,1673,125,£720
Paula,1674,125,£550
Steve,1675,125,£470
Peter,1676,125,£50
Steve,1677,125,£470
Paula,1678,125,£140
Rob,1679,125,£720
Emma,1680,125,£10
Peter,1681,125,£160
Emma,1682,125,£20
Emma,1683,125,£0
Ella,1684,125,£30
Rob,1685,125,£1010
Emma,1686,125,£80
Dave,1687,125,£0
Dave,1688,125,£540
Ella,1689,125,£700
Paula,1690,125,£280
Rob,1691,125,£940
Ella,1692,125,£610
Ella,1693,125,£890
Phil,1694,125,£30
Stacy,1695,125,£210
Phil,1696,125,£1010
Rob,1697,125,£0
Peter,1698,125,£810
Paula,1699,125,£210
Ella,1700,125,£190
Steph,1701,125,£0
Rob,1702,125,£650
Ella,1703,125,£760
Emma,1704,125,£90
Emma,1705,125,£40
Dave,1706,125,£420
Peter,1707,125,£210
Mike,1708,125,£180
Ella,1709,125,£710
Phil,1710,125,£940
Emma,1711,125,£20
Paula,1712,125,£0
Peter,1713,125,£130
Steve,1714,125,£480
Paula,1715,125,£0
Phil,1716,125,£40
Rob,1717,125,£910
Stacy,1718,125,£20
David,1719,125,£270
Dave,1720,125,£410
Ella,1721,125,£400
Dave,1722,125,£510
Phil,1723,125,£0
Steph,1724,125,£390
Peter,1725,125,£360
Emma,1726,125,£0
Rob,1727,125,£690
Phil,1728,125,£580
Dave,1729,125,£120
Rob,1730,125,£760
Steph,1731,125,£0
Steph,1732,125,£240
Paula,1733,125,£110
Stacy,1734,125,£420
Ella,1735,125,£120
Stacy,1736,125,£0
Ella,1737,125,£630
Emma,1738,125,£60
Ella,1739,125,£840
Phil,1740,125,£240
Steph,1741,125,£650
Emma,1742,125,£0
Rob,1743,125,£670
Steve,1744,125,£490
Ella,1745,125,£0
Steph,1746,125,£480
Ella,1747,125,£70
Emma,1748,125,£90
Steph,1749,125,£490
Peter,1750,125,£600
Mike,1751,125,£210
Steph,1752,125,£610
Phil,1753,125,£900
Peter,1754,125,£790
Steph,1755,125,£210
Dave,1756,125,£250
Ella,1757,125,£20
Stacy,1758,125,£0
Dave,1759,125,£540
Emma,1760,125,£80
Ella,1761,125,£600
David,1762,125,£50
Phil,1763,125,£430
Ella,1764,125,£760
Rob,1765,125,£660
Mike,1766,125,£50
Ella,1767,125,£400
Mike,1768,125,£80
Paula,1769,125,£480
Phil,1770,125,£900
Mike,1771,125,£170
Steph,1772,125,£0
Rob,1773,125,£890
Phil,1774,125,£670
Stacy,1775,125,£40
Mike,1776,125,£0
Stacy,1777,125,£360
Emma,1778,125,£70
Rob,1779,125,£420
Mike,1780,125,£220
Ella,1781,125,£570
Phil,1782,125,£80
Rob,1783,125,£250
Peter,1784,125,£640
Peter,1785,125,£50
Peter,1786,125,£580
Rob,1787,125,£540
Ella,1788,125,£410
Steph,1789,125,£140
Stacy,1790,125,£0
Dave,1791,125,£80
Ella,1792,125,£410
Dave,1793,125,£0
Ella,1794,125,£630
Paula,1795,125,£360
Steph,1796,125,£0
Steve,1797,125,£510
Ella,1798,125,£770
Dave,1799,125,£80
Phil,1800,125,£220
Ella,1801,125,£720
Emma,1802,125,£0
Peter,1803,125,£0
Rob,1804,125,£700
Rob,1805,125,£820
David,1806,125,£900
Rob,1807,125,£710
David,1808,125,£770
Steph,1809,125,£180
Steph,1810,125,£60
Phil,1811,125,£890
Rob,1812,125,£270
Ella,1813,125,£760
Mike,1814,125,£60
Paula,1815,125,£80
Ella,1816,125,£590
Peter,1817,125,£750
Emma,1818,125,£50
Peter,1819,125,£350
Stacy,1820,125,£120
Emma,1821,125,£20
Emma,1822,125,£0
Ella,1823,125,£0
Ella,1824,125,£840
Emma,1825,125,£0
David,1826,125,£790
Peter,1827,125,£430
Ella,1828,125,£830
Ella,1829,125,£130
Phil,1830,125,£0
David,1831,125,£150
Dave,1832,125,£0
Mike,1833,125,£10
Dave,1834,125,£400
Ella,1835,125,£780
Mike,1836,125,£0
Dave,1837,125,£550
Emma,1838,125,£70
Ella,1839,125,£450
Emma,1840,125,£0
David,1841,125,£870
Stacy,1842,125,£140
Steph,1843,125,£120
Paula,1844,125,£350
Phil,1845,125,£170
Peter,1846,125,£480
Rob,1847,125,£170
Peter,1848,125,£170
Steve,1849,125,£530
Dave,1850,125,£340
Rob,1851,125,£250
Rob,1852,125,£360
David,1853,125,£720
David,1854,125,£350
Phil,1855,125,£790
Phil,1856,125,£630
Dave,1857,125,£390
Ella,1858,125,£110
Steph,1859,125,£550
Steph,1860,125,£480
Mike,1861,125,£190
Rob,1862,125,£80
Steph,1863,125,£0
Phil,1864,125,£690
Ella,1865,125,£70
Steph,1866,125,£240
Phil,1867,125,£770
Emma,1868,125,£50
Rob,1869,125,£0
Dave,1870,125,£130
Dave,1871,125,£370
David,1872,125,£0
Rob,1873,125,£640
Ella,1874,125,£490
Ella,1875,125,£330
Phil,1876,125,£220
Ella,1877,125,£130
Peter,1878,125,£300
Peter,1879,125,£390
Dave,1880,125,£220
Steph,1881,125,£60
Peter,1882,125,£90
Mike,1883,125,£210
Emma,1884,125,£60
Phil,1885,125,£80
Emma,1886,125,£0
Rob,1887,125,£790
Ella,1888,125,£70
Mike,1889,125,£0
Phil,1890,125,£540
Stacy,1891,125,£210
Ella,1892,125,£400
Ella,1893,125,£240
Steph,1894,125,£720
Steph,1895,125,£340
Phil,1896,125,£420
Stacy,1897,125,£150
Steph,1898,125,£550
Steve,1899,125,£540
David,1900,125,£280
Peter,1901,125,£170
Ella,1902,125,£490
Dave,1903,125,£240
Steph,1904,125,£50
Steph,1905,125,£0
Peter,1906,125,£630
Ella,1907,125,£360
Phil,1908,125,£230
Steve,1909,125,£550
Steph,1910,125,£780
Dave,1911,125,£110
Phil,1912,125,£240
Ella,1913,125,£340
Emma,1914,125,£0
Phil,1915,125,£790
David,1916,125,£850
Ella,1917,125,£550
Mike,1918,125,£220
Peter,1919,125,£420
Steph,1920,125,£80
Stacy,1921,125,£50
Mike,1922,125,£0
Phil,1923,125,£990
Steph,1924,125,£330
Rob,1925,125,£930
Paula,1926,125,£30
Peter,1927,125,£700
Dave,1928,125,£180
Emma,1929,125,£60
Ella,1930,125,£570
Paula,1931,125,£0
Ella,1932,125,£840
Paula,1933,125,£510
Emma,1934,125,£90
Mike,1935,125,£100
Mike,1936,125,£0
Ella,1937,125,£730
Mike,1938,125,£270
David,1939,125,£220
Steve,1940,125,£550
Dave,1941,125,£70
Emma,1942,125,£60
Steph,1943,125,£40
Steph,1944,125,£40
Emma,1945,125,£60
Steph,1946,125,£690
Ella,1947,125,£280
David,1948,125,£930
Emma,1949,125,£80
Peter,1950,125,£60
Peter,1951,125,£770
Steve,1952,125,£570
Steph,1953,125,£310
Ella,1954,125,£810
Steph,1955,125,£470
Emma,1956,125,£80
Steph,1957,125,£790
Ella,1958,125,£770
Phil,1959,125,£350
Ella,1960,125,£490
Ella,1961,125,£270
Ella,1962,125,£830
David,1963,125,£170
Emma,1964,125,£0
Steph,1965,125,£180
Phil,1966,125,£290
Peter,1967,125,£240
Phil,1968,125,£880
Peter,1969,125,£360
Dave,1970,125,£20
Dave,1971,125,£270
Peter,1972,125,£70
Dave,1973,125,£50
Mike,1974,125,£110
Steve,1975,125,£570
Stacy,1976,125,£80
David,1977,125,£130
Peter,1978,125,£830
Emma,1979,125,£0
Paula,1980,125,£0
Stacy,1981,125,£470
Steve,1982,125,£570
Stacy,1983,125,£210
Emma,1984,125,£0
Rob,1985,125,£460
Steph,1986,125,£550
Rob,1987,125,£0
Ella,1988,125,£540
Ella,1989,125,£70
Dave,1990,125,£370
Rob,1991,125,£790
Mike,1992,125,£0
Phil,1993,125,£1030
Phil,1994,125,£290
Phil,1995,125,£90
Emma,1996,125,£0
Ella,1997,125,£280
Dave,1998,125,£390
Emma,1999,125,£80
Peter,2000,125,£470
Dave,2001,125,£190
Mike,2002,125,£270
Steph,2003,125,£660
Ella,2004,125,£540
Emma,2005,125,£0
Emma,2006,125,£0
Peter,2007,125,£1000
Dave,2008,125,£410
Dave,2009,125,£210
Rob,2010,125,£1020
Ella,2011,125,£730
Peter,2012,125,£230
Emma,2013,125,£20
Ella,2014,125,£910
Steph,2015,125,£170
Emma,2016,125,£0
Emma,2017,125,£10
Steph,2018,125,£370
Rob,2019,125,£530
Emma,2020,125,£0
Steph,2021,125,£10
Peter,2022,125,£590
Stacy,2023,125,£490
Phil,2024,125,£50
Stacy,2025,125,£140
Phil,2026,125,£480
Ella,2027,125,£230
Ella,2028,125,£640
Mike,2029,125,£0
Peter,2030,125,£70
Ella,2031,125,£410
David,2032,125,£180
Phil,2033,125,£960
Dave,2034,125,£470
David,2035,125,£830
Peter,2036,125,£130
Paula,2037,125,£40
Emma,2038,125,£0
Mike,2039,125,£90
Rob,2040,125,£950
Steph,2041,125,£450
Phil,2042,125,£40
Phil,2043,125,£420
Ella,2044,125,£120
Emma,2045,125,£0
Steph,2046,125,£150
Dave,2047,125,£100
Emma,2048,125,£0
Emma,2049,125,£80
Ella,2050,125,£580
Steph,2051,125,£780
Ella,2052,125,£270
Ella,2053,125,£280
Paula,2054,125,£20
Paula,2055,125,£160
Rob,2056,125,£940
Mike,2057,125,£280
Emma,2058,125,£40
David,2059,125,£350
Ella,2060,125,£410
Phil,2061,125,£230
Dave,2062,125,£10
Steph,2063,125,£580
Ella,2064,125,£110
Steve,2065,125,£600
Rob,2066,125,£430
Mike,2067,125,£180
Dave,2068,125,£20
Paula,2069,125,£0
Phil,2070,125,£460
Rob,2071,125,£0
Steph,2072,125,£340
Rob,2073,125,£810
Ella,2074,125,£190
Peter,2075,125,£340
Rob,2076,125,£550
Stacy,2077,125,£20
Stacy,2078,125,£80
Emma,2079,125,£30
Peter,2080,125,£640
Peter,2081,125,£970
Steph,2082,125,£710
Emma,2083,125,£0
Mike,2084,125,£130
Peter,2085,125,£280
Emma,2086,125,£0
Dave,2087,125,£420
Emma,2088,125,£0
Emma,2089,125,£40
Stacy,2090,125,£400
Dave,2091,125,£90
Mike,2092,125,£0
Stacy,2093,125,£280
Phil,2094,125,£60
Mike,2095,125,£40
Emma,2096,125,£0
Paula,2097,125,£0
Steph,2098,125,£150
Ella,2099,125,£180
Steph,2100,125,£370
Mike,2101,125,£100
Steph,2102,125,£720
Stacy,2103,125,£30
Emma,2104,125,£60
Peter,2105,125,£30
Paula,2106,125,£0
Emma,2107,125,£60
Mike,2108,125,£300
Dave,2109,125,£0
Steph,2110,125,£0
Ella,2111,125,£600
Phil,2112,125,£790
Paula,2113,125,£0
Stacy,2114,125,£50
Emma,2115,125,£0
Paula,2116,125,£410
Rob,2117,125,£120
Steph,2118,125,£780
Peter,2119,125,£550
Phil,2120,125,£780
Emma,2121,125,£0
Dave,2122,125,£20
Steph,2123,125,£510
Mike,2124,125,£310
Ella,2125,125,£710
Rob,2126,125,£190
Paula,2127,125,£0
Phil,2128,125,£930
Paula,2129,125,£10
Steph,2130,125,£780
Peter,2131,125,£220
Rob,2132,125,£790
Paula,2133,125,£410
Mike,2134,125,£30
David,2135,125,£470
Peter,2136,125,£290
Phil,2137,125,£300
Rob,2138,125,£0
Phil,2139,125,£820
Emma,2140,125,£70
Ella,2141,125,£690
Emma,2142,125,£0
Dave,2143,125,£400
Ella,2144,125,£600
Phil,2145,125,£120
Peter,2146,125,£510
Rob,2147,125,£820
Rob,2148,125,£0
Stacy,2149,125,£80
Stacy,2150,125,£120
Ella,2151,125,£20
Dave,2152,125,£0
Mike,2153,125,£0
Stacy,2154,125,£220
David,2155,125,£820
Steph,2156,125,£730
Stacy,2157,125,£50
Rob,2158,125,£350
Steph,2159,125,£470
Steph,2160,125,£60
Ella,2161,125,£630
Mike,2162,125,£60
Phil,2163,125,£530
Peter,2164,125,£40
Steph,2165,125,£630
Steph,2166,125,£300
Emma,2167,125,£0
Phil,2168,125,£280
Rob,2169,125,£350
Rob,2170,125,£700
Paula,2171,125,£50
Rob,2172,125,£0
Emma,2173,125,£0
Peter,2174,125,£820
Phil,2175,125,£30
Peter,2176,125,£180
Paula,2177,125,£100
Steph,2178,125,£10
Steph,2179,125,£60
Rob,2180,125,£90
Steph,2181,125,£90
Steph,2182,125,£760
Mike,2183,125,£220
Emma,2184,125,£50
Stacy,2185,125,£490
Rob,2186,125,£90
Ella,2187,125,£0
Dave,2188,125,£210
Rob,2189,125,£510
Steph,2190,125,£300
Ella,2191,125,£660
Steph,2192,125,£0
Dave,2193,125,£0
Dave,2194,125,£510
Ella,2195,125,£220
Dave,2196,125,£520
Steph,2197,125,£670
Steve,2198,125,£650
Ella,2199,125,£700
Ella,2200,125,£780
Peter,2201,125,£80
Steph,2202,125,£110
Phil,2203,125,£50
Mike,2204,125,£270
Dave,2205,125,£370
Emma,2206,125,£0
Steph,2207,125,£690
Ella,2208,125,£760
Ella,2209,125,£430
Ella,2210,125,£160
Rob,2211,125,£0
Emma,2212,125,£0
Emma,2213,125,£60
Steph,2214,125,£350
Ella,2215,125,£910
Ella,2216,125,£300
Peter,2217,125,£110
Peter,2218,125,£990
Phil,2219,125,£760
Mike,2220,125,£70
Mike,2221,125,£70
Phil,2222,125,£0
Peter,2223,125,£730
Rob,2224,125,£420
Phil,2225,125,£950
Dave,2226,125,£120
Rob,2227,125,£670
Ella,2228,125,£720
Ella,2229,125,£0
Emma,2230,125,£0
Ella,2231,125,£270
Ella,2232,125,£450
Peter,2233,125,£470
David,2234,125,£460
Rob,2235,125,£780
Ella,2236,125,£720
David,2237,125,£510
Steph,2238,125,£460
Peter,2239,125,£430
Steph,2240,125,£110
Dave,2241,125,£230
Ella,2242,125,£570
Peter,2243,125,£810
Ella,2244,125,£470
Ella,2245,125,£450
Phil,2246,125,£940
Dave,2247,125,£50
Peter,2248,125,£900
Mike,2249,125,£230
Emma,2250,125,£0
Ella,2251,125,£820
Stacy,2252,125,£350
Steph,2253,125,£580
Rob,2254,125,£480
Emma,2255,125,£0
Dave,2256,125,£0
Mike,2257,125,£90
Phil,2258,125,£720
Ella,2259,125,£80
Peter,2260,125,£870
Phil,2261,125,£0
Ella,2262,125,£70
Rob,2263,125,£810
Stacy,2264,125,£410
Phil,2265,125,£530
Phil,2266,125,£450
Steph,2267,125,£0
Dave,2268,125,£90
Paula,2269,125,£180
Peter,2270,125,£790
Ella,2271,125,£480
Steph,2272,125,£520
Phil,2273,125,£420
Stacy,2274,125,£370
Peter,2275,125,£890
Ella,2276,125,£270
Steph,2277,125,£450
David,2278,125,£420
David,2279,125,£650
Peter,2280,125,£1020
Rob,2281,125,£370
Rob,2282,125,£40
Steph,2283,125,£670
Mike,2284,125,£10
Stacy,2285,125,£0
Steve,2286,125,£670
Emma,2287,125,£90
Mike,2288,125,£10
Steph,2289,125,£160
David,2290,125,£640
Mike,2291,125,£0
Rob,2292,125,£60
Dave,2293,125,£150
Steph,2294,125,£190
David,2295,125,£110
Emma,2296,125,£30
Paula,2297,125,£120
Stacy,2298,125,£460
Rob,2299,125,£60
Ella,2300,125,£480
Steph,2301,125,£630
Rob,2302,125,£90
Paula,2303,125,£400
Ella,2304,125,£450
Rob,2305,125,£420
Dave,2306,125,£470
Phil,2307,125,£510
Phil,2308,125,£770
Ella,2309,125,£580
Peter,2310,125,£770
Ella,2311,125,£540
Phil,2312,125,£890
Peter,2313,125,£140
Dave,2314,125,£470
Dave,2315,125,£350
Rob,2316,125,£220
Stacy,2317,125,£490
Peter,2318,125,£190
Dave,2319,125,£190
Ella,2320,125,£220
Rob,2321,125,£1010
Steph,2322,125,£0
Emma,2323,125,£20
Phil,2324,125,£1030
Ella,2325,125,£30
Mike,2326,125,£150
Rob,2327,125,£760
Paula,2328,125,£160
Phil,2329,125,£90
Dave,2330,125,£60
Mike,2331,125,£230
Peter,2332,125,£710
Ella,2333,125,£600
Phil,2334,125,£900
Rob,2335,125,£840
Paula,2336,125,£0
Emma,2337,125,£40
Steph,2338,125,£670
Emma,2339,125,£0
David,2340,125,£1010
Rob,2341,125,£720
Mike,2342,125,£230
Ella,2343,125,£240
David,2344,125,£310
Rob,2345,125,£390
Emma,2346,125,£70
Dave,2347,125,£230
Steve,2348,125,£700
Paula,2349,125,£20
Emma,2350,125,£0
Ella,2351,125,£490
Phil,2352,125,£600
Ella,2353,125,£690
Paula,2354,125,£550
Ella,2355,125,£50
Rob,2356,125,£50
Paula,2357,125,£370
Phil,2358,125,£70
Dave,2359,125,£550
Ella,2360,125,£510
Emma,2361,125,£0
Paula,2362,125,£90
Dave,2363,125,£190
Emma,2364,125,£0
Rob,2365,125,£170
Peter,2366,125,£110
Paula,2367,125,£300
Stacy,2368,125,£480
Ella,2369,125,£810
Dave,2370,125,£80
Rob,2371,125,£430
Stacy,2372,125,£420
Emma,2373,125,£30
Rob,2374,125,£420
Peter,2375,125,£230
Ella,2376,125,£810
Peter,2377,125,£0
Ella,2378,125,£630
Emma,2379,125,£70
Ella,2380,125,£210
Phil,2381,125,£430
Phil,2382,125,£300
Paula,2383,125,£20
Mike,2384,125,£140
Dave,2385,125,£280
Steph,2386,125,£70
Ella,2387,125,£890
Peter,2388,125,£70
Rob,2389,125,£990
Ella,2390,125,£710
Ella,2391,125,£40
Ella,2392,125,£240
Dave,2393,125,£0
Dave,2394,125,£470
Steph,2395,125,£650
Emma,2396,125,£0
Phil,2397,125,£880
Stacy,2398,125,£40
Phil,2399,125,£870
Peter,2400,125,£280
Paula,2401,125,£100
Ella,2402,125,£100
Emma,2403,125,£0
Stacy,2404,125,£30
Ella,2405,125,£430
Ella,2406,125,£400
Ella,2407,125,£830
Steve,2408,125,£710
Rob,2409,125,£130
Ella,2410,125,£360
Emma,2411,125,£0
Phil,2412,125,£670
Ella,2413,125,£60
Phil,2414,125,£780
Peter,2415,125,£370
Phil,2416,125,£420
David,2417,125,£160
Dave,2418,125,£540
Steph,2419,125,£490
Peter,2420,125,£100
Rob,2421,125,£1000
Paula,2422,125,£140
Mike,2423,125,£150
Paula,2424,125,£80
Emma,2425,125,£80
Dave,2426,125,£60
Paula,2427,125,£150
Dave,2428,125,£180
Rob,2429,125,£640
Ella,2430,125,£390
Rob,2431,125,£930
Steve,2432,125,£720
Peter,2433,125,£420
Rob,2434,125,£690
Paula,2435,125,£340
Mike,2436,125,£0
Ella,2437,125,£240
Ella,2438,125,£650
Dave,2439,125,£0
Dave,2440,125,£30
Ella,2441,125,£450
Mike,2442,125,£240
Paula,2443,125,£120
Mike,2444,125,£0
Peter,2445,125,£0
Emma,2446,125,£0
Emma,2447,125,£0
Rob,2448,125,£170
Paula,2449,125,£0
Phil,2450,125,£770
Emma,2451,125,£60
Mike,2452,125,£90
Ella,2453,125,£660
Dave,2454,125,£540
Ella,2455,125,£60
Dave,2456,125,£530
Peter,2457,125,£90
Rob,2458,125,£400
Rob,2459,125,£0
Paula,2460,125,£250
Rob,2461,125,£940
Phil,2462,125,£650
Paula,2463,125,£280
Emma,2464,125,£90
Emma,2465,125,£10
Paula,2466,125,£370
Steph,2467,125,£20
Steph,2468,125,£80
Emma,2469,125,£0
Rob,2470,125,£0
Phil,2471,125,£720
Peter,2472,125,£530
Steph,2473,125,£600
Emma,2474,125,£0
Mike,2475,125,£50
Dave,2476,125,£490
Paula,2477,125,£360
Peter,2478,125,£570
Emma,2479,125,£0
Dave,2480,125,£150
Ella,2481,125,£730
Rob,2482,125,£90
Steph,2483,125,£130
Mike,2484,125,£20
Emma,2485,125,£0
Peter,2486,125,£170
Ella,2487,125,£0
Mike,2488,125,£0
Peter,2489,125,£650
Stacy,2490,125,£540
Peter,2491,125,£120
Stacy,2492,125,£350
Phil,2493,125,£410
Rob,2494,125,£910
Phil,2495,125,£450
Emma,2496,125,£0
Dave,2497,125,£150
Steve,2498,125,£730
Steph,2499,125,£720
Dave,2500,125,£250
Phil,2501,125,£820
Phil,2502,125,£130
Rob,2503,125,£470
Steph,2504,125,£530
Phil,2505,125,£280
Steph,2506,125,£370
Phil,2507,125,£790
Ella,2508,125,£240
Rob,2509,125,£340
Ella,2510,125,£220
Rob,2511,125,£520
Ella,2512,125,£900
Dave,2513,125,£70
Emma,2514,125,£50
Emma,2515,125,£30
Ella,2516,125,£650
David,2517,125,£120
Rob,2518,125,£340
Dave,2519,125,£280
Dave,2520,125,£0
Dave,2521,125,£0
Phil,2522,125,£950
Paula,2523,125,£490
David,2524,125,£510
Rob,2525,125,£660
Ella,2526,125,£20
Ella,2527,125,£0
Ella,2528,125,£330
Rob,2529,125,£90
Emma,2530,125,£0
Steph,2531,125,£590
Ella,2532,125,£50
Emma,2533,125,£10
Rob,2534,125,£0
Stacy,2535,125,£480
Ella,2536,125,£890
Ella,2537,125,£850
Phil,2538,125,£570
Dave,2539,125,£0
Phil,2540,125,£0
Ella,2541,125,£410
Rob,2542,125,£90
Ella,2543,125,£50
Phil,2544,125,£250
Dave,2545,125,£40
Peter,2546,125,£550
Peter,2547,125,£960
Emma,2548,125,£0
Steph,2549,125,£0
Mike,2550,125,£60
Ella,2551,125,£220
Emma,2552,125,£0
Dave,2553,125,£0
Rob,2554,125,£530
Rob,2555,125,£0
David,2556,125,£420
Paula,2557,125,£0
Ella,2558,125,£410
Ella,2559,125,£30
Emma,2560,125,£0
Phil,2561,125,£100
Rob,2562,125,£0
Dave,2563,125,£120
Rob,2564,125,£940
Emma,2565,125,£40
Stacy,2566,125,£180
Dave,2567,125,£120
Stacy,2568,125,£250
Paula,2569,125,£100
Phil,2570,125,£50
Emma,2571,125,£20
Mike,2572,125,£0
Dave,2573,125,£420
Ella,2574,125,£630
Rob,2575,125,£340
David,2576,125,£1030
Dave,2577,125,£30
Dave,2578,125,£0
Phil,2579,125,£160
Ella,2580,125,£280
Steve,2581,125,£770
Dave,2582,125,£530
Ella,2583,125,£450
Steph,2584,125,£660
Dave,2585,125,£0
Emma,2586,125,£90
Mike,2587,125,£160
Ella,2588,125,£690
Dave,2589,125,£60
Paula,2590,125,£0
Steve,2591,125,£770
Steph,2592,125,£410
Steph,2593,125,£210
Ella,2594,125,£700
Phil,2595,125,£510
Paula,2596,125,£140
Emma,2597,125,£10
Emma,2598,125,£0
Ella,2599,125,£750
Dave,2600,125,£160
Ella,2601,125,£150
Steph,2602,125,£20
Ella,2603,125,£0
Mike,2604,125,£300
Rob,2605,125,£120
Emma,2606,125,£10
Rob,2607,125,£280
Phil,2608,125,£400
David,2609,125,£80
Rob,2610,125,£750
Dave,2611,125,£180
David,2612,125,£170
Ella,2613,125,£170
Rob,2614,125,£1030
Rob,2615,125,£280
Ella,2616,125,£880
Paula,2617,125,£0
Dave,2618,125,£140
David,2619,125,£880
Phil,2620,125,£250
Peter,2621,125,£90
Steph,2622,125,£0
David,2623,125,£490
Peter,2624,125,£670
Rob,2625,125,£810
Peter,2626,125,£0
Ella,2627,125,£410
Phil,2628,125,£240
Paula,2629,125,£60
Paula,2630,125,£180
Ella,2631,125,£900
David,2632,125,£670
Steve,2633,125,£780
Ella,2634,125,£230
Steph,2635,125,£170
Phil,2636,125,£900
Dave,2637,125,£360
Rob,2638,125,£270
Dave,2639,125,£20
Rob,2640,125,£300
Phil,2641,125,£670
Ella,2642,125,£40
David,2643,125,£110
Mike,2644,125,£180
Emma,2645,125,£40
Dave,2646,125,£20
Paula,2647,125,£80
Ella,2648,125,£50
Stacy,2649,125,£0
Rob,2650,125,£360
Rob,2651,125,£760
Dave,2652,125,£480
Ella,2653,125,£270
Peter,2654,125,£0
Rob,2655,125,£240
Ella,2656,125,£430
Rob,2657,125,£30
Peter,2658,125,£350
Steph,2659,125,£340
Steph,2660,125,£570
Rob,2661,125,£580
Phil,2662,125,£1010
Stacy,2663,125,£460
Steve,2664,125,£790
Ella,2665,125,£590
Steve,2666,125,£790
Emma,2667,125,£30
Steph,2668,125,£340
Emma,2669,125,£50
Ella,2670,125,£610
Steph,2671,125,£110
Steph,2672,125,£290
Paula,2673,125,£470
Steph,2674,125,£270
Peter,2675,125,£810
Ella,2676,125,£750
Rob,2677,125,£540
Rob,2678,125,£670
Peter,2679,125,£40
Stacy,2680,125,£110
Phil,2681,125,£0
Phil,2682,125,£360
Dave,2683,125,£110
Steph,2684,125,£40
Dave,2685,125,£10
Paula,2686,125,£190
Dave,2687,125,£0
Stacy,2688,125,£430
Ella,2689,125,£10
Phil,2690,125,£230
David,2691,125,£140
Rob,2692,125,£580
Rob,2693,125,£180
Paula,2694,125,£230
Phil,2695,125,£660
Phil,2696,125,£160
David,2697,125,£350
Peter,2698,125,£290
Ella,2699,125,£650
Emma,2700,125,£0
Emma,2701,125,£0
Stacy,2702,125,£180
Emma,2703,125,£0
Rob,2704,125,£0
Steph,2705,125,£30
Dave,2706,125,£310
Mike,2707,125,£0
Ella,2708,125,£0
Emma,2709,125,£70
Paula,2710,125,£270
Ella,2711,125,£0
Mike,2712,125,£130
Paula,2713,125,£340
Rob,2714,125,£430
Rob,2715,125,£530
Rob,2716,125,£850
Mike,2717,125,£0
Mike,2718,125,£270
Mike,2719,125,£10
Ella,2720,125,£810
Ella,2721,125,£580
Mike,2722,125,£90
Rob,2723,125,£290
Paula,2724,125,£170
Phil,2725,125,£730
Rob,2726,125,£650
Phil,2727,125,£190
Peter,2728,125,£900
Paula,2729,125,£280
Mike,2730,125,£0
Ella,2731,125,£330
Emma,2732,125,£0
Dave,2733,125,£350
Ella,2734,125,£80
Steph,2735,125,£480
Dave,2736,125,£550
Steph,2737,125,£180
Steph,2738,125,£400
Phil,2739,125,£990
Dave,2740,125,£170
Phil,2741,125,£170
Rob,2742,125,£150
Steph,2743,125,£270
Rob,2744,125,£420
Ella,2745,125,£360
Rob,2746,125,£0
Rob,2747,125,£230
Steph,2748,125,£540
Emma,2749,125,£50
Phil,2750,125,£720
David,2751,125,£340
Dave,2752,125,£340
Dave,2753,125,£310
Dave,2754,125,£450
Ella,2755,125,£670
Steph,2756,125,£720
Emma,2757,125,£0
Steph,2758,125,£520
Peter,2759,125,£290
Ella,2760,125,£880
Ella,2761,125,£0
Peter,2762,125,£820
Steph,2763,125,£790
David,2764,125,£300
Peter,2765,125,£520
David,2766,125,£990
Rob,2767,125,£420
Dave,2768,125,£280
Paula,2769,125,£360
Steph,2770,125,£40
Peter,2771,125,£530
Steve,2772,125,£830
Peter,2773,125,£90
Ella,2774,125,£670
David,2775,125,£1030
Mike,2776,125,£280
Dave,2777,125,£0
Emma,2778,125,£0
Rob,2779,125,£1020
Peter,2780,125,£930
Emma,2781,125,£90
Emma,2782,125,£40
Emma,2783,125,£0
Stacy,2784,125,£470
Steph,2785,125,£570
Dave,2786,125,£110
Peter,2787,125,£570
Steph,2788,125,£580
Stacy,2789,125,£0
Rob,2790,125,£410
Steve,2791,125,£840
Steph,2792,125,£230
Ella,2793,125,£350
Steph,2794,125,£770
Stacy,2795,125,£540
Peter,2796,125,£700
Dave,2797,125,£0
Paula,2798,125,£0
Phil,2799,125,£220
Peter,2800,125,£990
Emma,2801,125,£0
Ella,2802,125,£590
Steph,2803,125,£190
Ella,2804,125,£240
Phil,2805,125,£480
Rob,2806,125,£880
Dave,2807,125,£140
Phil,2808,125,£360
Phil,2809,125,£0
Paula,2810,125,£110
Dave,2811,125,£400
Phil,2812,125,£810
Dave,2813,125,£340
Peter,2814,125,£250
Steph,2815,125,£730
Emma,2816,125,£30
Ella,2817,125,£360
Dave,2818,125,£410
Emma,2819,125,£0
Phil,2820,125,£120
Emma,2821,125,£0
Peter,2822,125,£700
Dave,2823,125,£0
Dave,2824,125,£90
Steph,2825,125,£0
Phil,2826,125,£20
Phil,2827,125,£0
Ella,2828,125,£300
Emma,2829,125,£0
Rob,2830,125,£150
Ella,2831,125,£470
Peter,2832,125,£1010
Steph,2833,125,£510
Peter,2834,125,£1030
Steph,2835,125,£170
Peter,2836,125,£180
David,2837,125,£30
Ella,2838,125,£30
Mike,2839,125,£120
Emma,2840,125,£50
Steph,2841,125,£490
Peter,2842,125,£0
Ella,2843,125,£770
Stacy,2844,125,£160
Phil,2845,125,£70
Rob,2846,125,£0
Emma,2847,125,£40
Steph,2848,125,£760
Rob,2849,125,£770
Ella,2850,125,£730
Stacy,2851,125,£420
Dave,2852,125,£100
Emma,2853,125,£50
Emma,2854,125,£0
Mike,2855,125,£110
Phil,2856,125,£670
Steph,2857,125,£240
Mike,2858,125,£30
Peter,2859,125,£170
Rob,2860,125,£890
Paula,2861,125,£130
David,2862,125,£930
Ella,2863,125,£370
Ella,2864,125,£890
Emma,2865,125,£70
Steph,2866,125,£90
Ella,2867,125,£150
Peter,2868,125,£910
Dave,2869,125,£490
Steph,2870,125,£520
Ella,2871,125,£420
Paula,2872,125,£430
Phil,2873,125,£580
Steph,2874,125,£420
Peter,2875,125,£510
David,2876,125,£210
Mike,2877,125,£140
Emma,2878,125,£0
Peter,2879,125,£170
Emma,2880,125,£30
Rob,2881,125,£750
Dave,2882,125,£270
Dave,2883,125,£0
Mike,2884,125,£70
Rob,2885,125,£410
Ella,2886,125,£710
Rob,2887,125,£820
Peter,2888,125,£110
Stacy,2889,125,£210
Peter,2890,125,£890
Ella,2891,125,£60
Steph,2892,125,£470
Steph,2893,125,£250
Dave,2894,125,£120
Dave,2895,125,£30
Mike,2896,125,£0
Phil,2897,125,£910
Ella,2898,125,£720
Steve,2899,125,£870
Peter,2900,125,£280
Phil,2901,125,£420
Dave,2902,125,£410
Ella,2903,125,£180
Mike,2904,125,£120
Ella,2905,125,£180
Mike,2906,125,£220
Steph,2907,125,£690
Peter,2908,125,£450
Emma,2909,125,£90
Rob,2910,125,£710
Mike,2911,125,£190
Peter,2912,125,£630
Ella,2913,125,£30
Ella,2914,125,£650
Rob,2915,125,£0
Mike,2916,125,£310
Emma,2917,125,£30
Mike,2918,125,£10
Rob,2919,125,£600
Peter,2920,125,£80
Ella,2921,125,£220
Dave,2922,125,£60
Mike,2923,125,£0
Ella,2924,125,£280
Emma,2925,125,£0
Steph,2926,125,£790
David,2927,125,£570
Steph,2928,125,£770
Rob,2929,125,£480
Emma,2930,125,£0
Ella,2931,125,£730
Dave,2932,125,£10
Steve,2933,125,£880
Peter,2934,125,£350
Stacy,2935,125,£540
Dave,2936,125,£360
Mike,2937,125,£0
David,2938,125,£710
Stacy,2939,125,£290
Phil,2940,125,£470
Steph,2941,125,£390
Steph,2942,125,£540
Ella,2943,125,£30
Dave,2944,125,£370
Rob,2945,125,£970
Mike,2946,125,£140
Steph,2947,125,£610
Paula,2948,125,£400
Phil,2949,125,£530
Ella,2950,125,£20
Phil,2951,125,£930
Rob,2952,125,£790
Rob,2953,125,£890
Dave,2954,125,£0
Emma,2955,125,£40
Ella,2956,125,£280
Dave,2957,125,£0
Ella,2958,125,£280
Dave,2959,125,£140
Peter,2960,125,£1030
Rob,2961,125,£700
Stacy,2962,125,£20
Steph,2963,125,£160
Emma,2964,125,£90
Phil,2965,125,£110
Rob,2966,125,£510
Ella,2967,125,£660
Peter,2968,125,£220
David,2969,125,£540
Mike,2970,125,£160
Ella,2971,125,£350
David,2972,125,£150
Ella,2973,125,£120
Ella,2974,125,£170
Paula,2975,125,£540
Mike,2976,125,£80
Rob,2977,125,£750
Stacy,2978,125,£490
Ella,2979,125,£70
Peter,2980,125,£530
Dave,2981,125,£20
David,2982,125,£210
Peter,2983,125,£330
Emma,2984,125,£50
Emma,2985,125,£0
Dave,2986,125,£420
Emma,2987,125,£80
Steve,2988,125,£900
Steve,2989,125,£900
Steph,2990,125,£600
Phil,2991,125,£470
Paula,2992,125,£0
Ella,2993,125,£300
Ella,2994,125,£340
Ella,2995,125,£180
Emma,2996,125,£0
Mike,2997,125,£190
Rob,2998,125,£840
Emma,2999,125,£10
Peter,3000,125,£210
Emma,3001,125,£0
Steph,3002,125,£0
Dave,3003,125,£470
Steve,3004,125,£900
Paula,3005,125,£530
Ella,3006,125,£420
Rob,3007,125,£110
Rob,3008,125,£230
Emma,3009,125,£60
Steph,3010,125,£240
Peter,3011,125,£420
Steve,3012,125,£900
Steve,3013,125,£900
Peter,3014,125,£940
Mike,3015,125,£130
Steph,3016,125,£490
Ella,3017,125,£420
Emma,3018,125,£40
Paula,3019,125,£0
Phil,3020,125,£0
Dave,3021,125,£0
Mike,3022,125,£70
Ella,3023,125,£660
Mike,3024,125,£50
Phil,3025,125,£0
Steph,3026,125,£110
Emma,3027,125,£0
Rob,3028,125,£50
Mike,3029,125,£0
Rob,3030,125,£290
Dave,3031,125,£160
Steph,3032,125,£0
Steph,3033,125,£400
Emma,3034,125,£70
Steph,3035,125,£690
Steph,3036,125,£290
Emma,3037,125,£0
Ella,3038,125,£100
Mike,3039,125,£10
Ella,3040,125,£910
Ella,3041,125,£270
Steph,3042,125,£750
Ella,3043,125,£0
Peter,3044,125,£770
Paula,3045,125,£250
Phil,3046,125,£0
Peter,3047,125,£300
Emma,3048,125,£0
Dave,3049,125,£210
Emma,3050,125,£0
Ella,3051,125,£790
Rob,3052,125,£630
Phil,3053,125,£180
Ella,3054,125,£190
Dave,3055,125,£370
Emma,3056,125,£0
Ella,3057,125,£390
Ella,3058,125,£480
Steph,3059,125,£790
Peter,3060,125,£400
Steve,3061,125,£930
Ella,3062,125,£290
Rob,3063,125,£360
Mike,3064,125,£100
Emma,3065,125,£0
Ella,3066,125,£870
Dave,3067,125,£20
Steph,3068,125,£0
Emma,3069,125,£0
Phil,3070,125,£830
Rob,3071,125,£180
Peter,3072,125,£1020
Emma,3073,125,£0
Stacy,3074,125,£290
Peter,3075,125,£1030
Phil,3076,125,£390
Ella,3077,125,£790
Paula,3078,125,£70
Phil,3079,125,£460
Peter,3080,125,£0
Dave,3081,125,£0
Ella,3082,125,£230
Ella,3083,125,£900
Emma,3084,125,£90
Emma,3085,125,£0
Paula,3086,125,£30
Ella,3087,125,£430
Ella,3088,125,£300
Rob,3089,125,£770
Rob,3090,125,£770
Ella,3091,125,£470
Emma,3092,125,£50
Dave,3093,125,£410
Mike,3094,125,£80
Mike,3095,125,£90
Phil,3096,125,£0
Rob,3097,125,£240
Mike,3098,125,£100
Mike,3099,125,£250
Rob,3100,125,£780
Mike,3101,125,£230
Mike,3102,125,£0
Ella,3103,125,£300
Ella,3104,125,£690
Emma,3105,125,£80
Peter,3106,125,£90
Steph,3107,125,£520
Emma,3108,125,£0
Stacy,3109,125,£140
Steph,3110,125,£40
David,3111,125,£420
Emma,3112,125,£40
Peter,3113,125,£510
Ella,3114,125,£700
Paula,3115,125,£290
Phil,3116,125,£230
Mike,3117,125,£0
Phil,3118,125,£630
Peter,3119,125,£840
Emma,3120,125,£20
Ella,3121,125,£360
Rob,3122,125,£770
Steph,3123,125,£0
Ella,3124,125,£310
David,3125,125,£1010
Mike,3126,125,£290
Emma,3127,125,£0
Paula,3128,125,£0
Rob,3129,125,£890
Ella,3130,125,£850
Ella,3131,125,£0
Peter,3132,125,£990
Phil,3133,125,£340
Ella,3134,125,£190
Emma,3135,125,£50
Emma,3136,125,£0
Dave,3137,125,£270
Ella,3138,125,£520
Phil,3139,125,£510
Ella,3140,125,£100
Peter,3141,125,£370
Emma,3142,125,£60
Emma,3143,125,£0
Rob,3144,125,£570
Emma,3145,125,£0
Steve,3146,125,£950
Peter,3147,125,£530
Ella,3148,125,£190
Dave,3149,125,£50
Steph,3150,125,£360
Steph,3151,125,£630
Phil,3152,125,£170
Steph,3153,125,£160
Paula,3154,125,£490
Steph,3155,125,£350
Paula,3156,125,£350
Paula,3157,125,£210
Peter,3158,125,£970
Phil,3159,125,£960
Emma,3160,125,£90
Emma,3161,125,£0
Dave,3162,125,£160
Stacy,3163,125,£470
Steph,3164,125,£140
Peter,3165,125,£470
Steve,3166,125,£960
Ella,3167,125,£90
Emma,3168,125,£90
Ella,3169,125,£580
Mike,3170,125,£240
Paula,3171,125,£190
Rob,3172,125,£50
Paula,3173,125,£420
Mike,3174,125,£290
Steph,3175,125,£490
Mike,3176,125,£0
Dave,3177,125,£180
Emma,3178,125,£0
Stacy,3179,125,£140
Rob,3180,125,£720
Dave,3181,125,£240
Rob,3182,125,£370
David,3183,125,£170
Rob,3184,125,£900
Dave,3185,125,£180
Steph,3186,125,£710
Phil,3187,125,£480
Ella,3188,125,£670
Phil,3189,125,£410
Peter,3190,125,£900
Mike,3191,125,£280
Dave,3192,125,£140
Steph,3193,125,£210
Peter,3194,125,£410
Rob,3195,125,£30
Steph,3196,125,£600
Steph,3197,125,£410
Paula,3198,125,£490
Rob,3199,125,£470
Steph,3200,125,£780
Paula,3201,125,£400
David,3202,125,£1010
Emma,3203,125,£0
Mike,3204,125,£0
Emma,3205,125,£50
Dave,3206,125,£480
Emma,3207,125,£0
Stacy,3208,125,£60
Peter,3209,125,£0
Rob,3210,125,£900
Mike,3211,125,£290
Emma,3212,125,£70
Emma,3213,125,£40
Ella,3214,125,£0
Mike,3215,125,£290
Dave,3216,125,£80
Ella,3217,125,£130
Ella,3218,125,£610
Phil,3219,125,£0
Ella,3220,125,£780
Steph,3221,125,£690
Dave,3222,125,£40
Phil,3223,125,£280
Phil,3224,125,£1020
David,3225,125,£80
Rob,3226,125,£490
Steph,3227,125,£180
Ella,3228,125,£160
Ella,3229,125,£790
Peter,3230,125,£390
Dave,3231,125,£520
Rob,3232,125,£510
Peter,3233,125,£410
Steph,3234,125,£270
Ella,3235,125,£0
Peter,3236,125,£420
Peter,3237,125,£960
Phil,3238,125,£370
Paula,3239,125,£520
Steph,3240,125,£780
Phil,3241,125,£110
Emma,3242,125,£40
Peter,3243,125,£80
Rob,3244,125,£300
Rob,3245,125,£900
Dave,3246,125,£420
Steve,3247,125,£990
Steph,3248,125,£70
Rob,3249,125,£450
Peter,3250,125,£790
Dave,3251,125,£510
Peter,3252,125,£350
Ella,3253,125,£520
Rob,3254,125,£780
Steph,3255,125,£150
Stacy,3256,125,£300
Phil,3257,125,£40
Paula,3258,125,£190
Paula,3259,125,£160
Peter,3260,125,£840
Steph,3261,125,£60
Ella,3262,125,£900
Ella,3263,125,£890
Phil,3264,125,£270
Emma,3265,125,£20
Paula,3266,125,£410
Peter,3267,125,£420
Phil,3268,125,£100
Ella,3269,125,£720
Ella,3270,125,£610
Steph,3271,125,£600
Dave,3272,125,£140
Dave,3273,125,£480
Rob,3274,125,£820
Ella,3275,125,£180
Ella,3276,125,£170
Paula,3277,125,£540
Emma,3278,125,£90
Dave,3279,125,£490
Ella,3280,125,£0
Mike,3281,125,£270
Ella,3282,125,£370
Ella,3283,125,£760
Dave,3284,125,£220
Mike,3285,125,£0
Paula,3286,125,£180
Ella,3287,125,£400
Phil,3288,125,£570
Rob,3289,125,£960
Steve,3290,125,£1010
Mike,3291,125,£110
Paula,3292,125,£0
Ella,3293,125,£790
Rob,3294,125,£220
Phil,3295,125,£390
Steve,3296,125,£1010
Paula,3297,125,£220
Steve,3298,125,£1010
Ella,3299,125,£180
Emma,3300,125,£0
Paula,3301,125,£420
Phil,3302,125,£170
Paula,3303,125,£150
Steph,3304,125,£20
Peter,3305,125,£0
Ella,3306,125,£510
Emma,3307,125,£0
Paula,3308,125,£0
Rob,3309,125,£1010
Ella,3310,125,£80
Dave,3311,125,£0
Phil,3312,125,£690
Emma,3313,125,£0
Phil,3314,125,£170
Mike,3315,125,£310
Steve,3316,125,£1020
Peter,3317,125,£760
Ella,3318,125,£70
Ella,3319,125,£890
Mike,3320,125,£180
Rob,3321,125,£310
Phil,3322,125,£420
Emma,3323,125,£40
Rob,3324,125,£770
Rob,3325,125,£460
Rob,3326,125,£1030
David,3327,125,£160
Dave,3328,125,£0
Steph,3329,125,£220
Mike,3330,125,£0
Phil,3331,125,£0
Emma,3332,125,£0
Dave,3333,125,£160
Dave,3334,125,£140
Emma,3335,125,£70
Ella,3336,125,£910
Ella,3337,125,£690
David,3338,125,£130
Steph,3339,125,£110
Emma,3340,125,£10
Emma,3341,125,£0
Emma,3342,125,£0
Dave,3343,125,£20
Ella,3344,125,£700
Rob,3345,125,£230
Phil,3346,125,£670
Dave,3347,125,£0
Phil,3348,125,£580
Ella,3349,125,£900
Ella,3350,125,£470
Phil,3351,125,£450
Emma,3352,125,£30
Ella,3353,125,£330
Steve,3354,125,£1030
Ella,3355,125,£0
Phil,3356,125,£430
Rob,3357,125,£630
Paula,3358,125,£520
Peter,3359,125,£930
Ella,3360,125,£790
Dave,3361,125,£0
Peter,3362,125,£1010
Steph,3363,125,£690
Paula,3364,125,£0
Mike,3365,125,£290
Dave,3366,125,£360
Stacy,3367,125,£0
Phil,3368,125,£190
Steph,3369,125,£310
Rob,3370,125,£210
Ella,3371,125,£0
Ella,3372,125,£640
Rob,3373,125,£160
Stacy,3374,125,£20
Ella,3375,125,£70
Ella,3376,125,£50
Mike,3377,125,£110
Rob,3378,125,£330
Stacy,3379,125,£290
Steve,3380,125,£790
Paula,3381,125,£350
David,3382,125,£350