BrokerName,CaseId,CaseValue
Emma,1,£103133.02
David,2,£607947.84
Ella,3,£638271.61
Mike,4,£120962.95
Ella,5,£551320.93
Ella,6,£343207.44
Phil,7,£907295.48
Steph,8,£151388.78
Steph,9,£633212.12
David,10,£959952.52
Peter,11,£701683.04
Emmá,12,£169035.39
Stacy,13,£133051.89
Mike,14,£356494.7
Ella,15,£665511.7
Rob,16,£433944.94
Emmá,17,£97240.1
Stacy,18,£300614.55
Steve,19,£56472.37
Ella,20,£64211.89
Ella,21,£825203.53
Dave,22,£214767.2
Ella,23,£898475.42
Emma,24,£37240.96
Paula,25,£256199.14
Dave,26,£204980.94
Paula,27,£124320.57
Ella,28,£483628.66
Stacy,29,£419196.62
Dave,30,£310075.2
Rob,31,£792307.37
Peter,32,£980593.6
Emma,33,£76049.3
Phil,34,£779143.2
Steph,35,£779950.25
Dave,36,£460499.05
Peter,37,£727437.47
Peter,38,£504658.69
Steph,39,£110767.74
Stacy,40,£33886.56
Peter,41,£515665.13
Ella,42,£714169.75
Ella,43,£55089.68
Dave,44,£423040.63
Rob,45,£594995.7
Ella,46,£137783.74
Rob,47,£226252.32
Mike,48,£257934.96
Rob,49,£635238.43
Mike,50,£377771.85
Stacy,51,£44918.49
Phil,52,£217645.14
Stacy,53,£584505.05
Phil,54,£609880.56
Mike,55,£366684.26
Stacy,56,£102038.7
Emma,57,£188585.54
Rob,58,£123600.09
Mike,59,£88611.8
Peter,60,£904804.1
Peter,61,£790518.83
Steve,62,£69288.2
Phil,63,£386944.46
Rob,64,£999497.61
Emma,65,£26984.18
Paula,66,£342506.59
Stacy,67,£525099.5
Dave,68,£314907.68
Rob,69,£608737.14
Dave,70,£361054.53
Paula,71,£517705.2
Steph,72,£767153.34
Ella,73,£591777.82
Rob,74,£633941.51
Ella,75,£848935.34
Rob,76,£923485.13
Phil,77,£309876.57
Steve,78,£73128.33
Ella,79,£272338.98
Emma,80,£53508.32
Mike,81,£179536.45
Steph,82,£324741.63
Rob,83,£220358.93
Peter,84,£200489.77
Ella,85,£634571.9
Phil,86,£448099.03
Ella,87,£297354.21
Phil,88,£771112.43
Peter,89,£771112.43
David,90,£933377.13
Dave,91,£567288.41
Steph,92,£197137.7
Ella,93,£296110.27
Rob,94,£727437.47
Ella,95,£97021.12
Phil,96,£520444.73
Ella,97,£775809.57
Peter,98,£973920.27
Steph,99,£146467.26
Ella,100,£160482.14
Peter,101,£363604.57
Ella,102,£575188.87
Ella,103,£863172.33
Emma,104,£177675.97
Steph,105,£592867.33
Emma,106,£115255.55
Ella,107,£520488.47
Dave,108,£147985.26
Dave,109,£157459.77
Peter,110,£738134.25
Paula,111,£543499.04
Rob,112,£703345.06
Rob,113,£494418.14
Steph,114,£620082.91
Steph,115,£556084.51
Emma,116,£47561.8
Mike,117,£203089.17
Ella,118,£814824.72
Peter,119,£521699.12
Mike,120,£176274.2
Mike,121,£199001.37
Peter,122,£934042.17
Steph,123,£587581.19
Rob,124,£495950.5
Dave,125,£470899.73
Emma,126,£143708.62
Phil,127,£561230.77
Ella,128,£668624.35
Rob,129,£532231.95
Peter,130,£84490.31
Dave,131,£282847.1
Paula,132,£376877.68
Emma,133,£151593.11
Mike,134,£235228.19
Stacy,135,£282847.1
Rob,136,£738134.25
Mike,137,£251639.08
Mike,138,£318728.01
Peter,139,£619073.32
Dave,140,£341752.46
Emma,141,£95925.64
Peter,142,£551429.21
Steph,143,£213921.68
Phil,144,£558970.31
Steph,145,£253535.73
David,146,£886534.89
Dave,147,£419196.62
Ella,148,£735929.29
Paula,149,£584923.63
Stacy,150,£77318.92
Emma,151,£116283.97
Steph,152,£172857.14
Steve,153,£94851.62
Phil,154,£480665.5
Mike,155,£319855.17
Stacy,156,£559395.11
Mike,157,£310854.31
Paula,158,£418183.66
Phil,159,£404006.99
Peter,160,£242792.95
Paula,161,£473834.03
David,162,£237809.01
Dave,163,£119651.49
Rob,164,£504658.69
Steph,165,£457096.51
Peter,166,£69477.79
Steph,167,£767540.46
Steph,168,£754367.01
Rob,169,£231125.74
Paula,170,£241122.77
Peter,171,£413642.28
Phil,172,£998296.06
Dave,173,£308488.2
Phil,174,£877106.26
Rob,175,£727535.85
Ella,176,£776737.9
Ella,177,£236898.25
Rob,178,£342619.13
Emma,179,£106446.39
David,180,£94851.62
Emma,181,£96407.68
Steph,182,£137279.54
Dave,183,£541980.6
Mike,184,£97817.25
Rob,185,£975903.85
Steph,186,£736603.75
Dave,187,£472820.33
Emma,188,£94151.91
Steph,189,£117608.97
David,190,£775216.71
Peter,191,£238095.79
Dave,192,£411462.6
Dave,193,£483237.7
Emma,194,£43079.6
Steve,195,£109722.93
Peter,196,£131463.07
Emma,197,£40339.15
Ella,198,£70693.77
Phil,199,£729117.84
Emma,200,£38738.67
Mike,201,£103146.66
Stacy,202,£598961.49
Stacy,203,£198431.88
Paula,204,£341485.67
Dave,205,£145028.2
Phil,206,£495950.5
David,207,£351868.56
Peter,208,£860372.05
Ella,209,£885073.28
Peter,210,£494418.14
Steph,211,£579080.9
Phil,212,£975903.85
Mike,213,£132318.32
Steph,214,£174548.99
Paula,215,£145028.2
Rob,216,£699065.31
Dave,217,£575301.02
Paula,218,£489164.79
Dave,219,£283696.02
Peter,220,£662519.46
Paula,221,£599693.81
Dave,222,£216065.16
Paula,223,£355553.2
Dave,224,£341485.67
Paula,225,£214370.26
David,226,£437453.86
Ella,227,£350135
Peter,228,£575840.06
Emma,229,£96504.7
Ella,230,£663829.84
Emma,231,£56710.7
Mike,232,£153569.94
Emma,233,£130476.89
Ella,234,£783921.32
Peter,235,£716567.32
Emma,236,£80801.39
Dave,237,£482007.54
Steph,238,£587508.67
Phil,239,£881588.35
Rob,240,£276916.36
Paula,241,£100565.05
Dave,242,£494262.31
Paula,243,£378746.3
Ella,244,£778676.08
Steph,245,£264160.21
Dave,246,£30440.22
Steph,247,£496338.81
Peter,248,£73128.33
Steph,249,£599641.23
Dave,250,£531970.47
Phil,251,£433944.94
Dave,252,£43651.93
Dave,253,£259852.61
Stacy,254,£436149.76
Dave,255,£405706.64
Stacy,256,£285464.31
Dave,257,£585478.36
Dave,258,£439126.44
Ella,259,£80425.7
Rob,260,£791328.69
Stacy,261,£160338.05
Paula,262,£353160.53
Rob,263,£886534.89
Ella,264,£525480.94
Ella,265,£393643.44
Stacy,266,£588868.37
David,267,£279247.18
Emma,268,£154222.48
Phil,269,£145749.03
Peter,270,£65489.14
Peter,271,£211863.41
Phil,272,£342619.13
Dave,273,£342506.59
Ella,274,£254658.79
Steve,275,£134920.91
Ella,276,£63159.99
Peter,277,£316824.72
Rob,278,£422352.69
Ella,279,£770123.89
Dave,280,£427255.24
Ella,281,£737288.55
Emma,282,£65282.66
Rob,283,£89977.14
Paula,284,£474756.15
Peter,285,£508780.36
Ella,286,£770500.58
Peter,287,£326749.09
Paula,288,£390124.83
Stacy,289,£72757.06
David,290,£914561.98
Rob,291,£242792.95
Dave,292,£399487.67
Dave,293,£348362.12
Phil,294,£803505.18
Steph,295,£82329.88
Stacy,296,£243501.31
Steph,297,£488621.75
Phil,298,£415071.23
Dave,299,£179387.93
Stacy,300,£357590.84
Rob,301,£480665.5
Rob,302,£131463.07
Dave,303,£435810.38
Ella,304,£193524.47
Ella,305,£572473.99
Stacy,306,£79356.51
Rob,307,£692274.51
Phil,308,£267541.64
Steph,309,£137771.67
Ella,310,£456633.03
Dave,311,£79356.51
Ella,312,£132678.9
Emma,313,£69103.02
Emma,314,£21944.58
Emma,315,£43529.02
Stacy,316,£355553.2
Ella,317,£659506.07
Rob,318,£757965.58
Steph,319,£140397.61
Dave,320,£24466.97
Emma,321,£45250.46
Rob,322,£386324.39
Rob,323,£367274.18
Steph,324,£98830.63
Ella,325,£254555
Rob,326,£363604.57
Peter,327,£763654.05
Stacy,328,£448906.83
Emma,329,£31006.82
Rob,330,£326413.32
Steph,331,£380178.52
Phil,332,£482523.54
Mike,333,£243790.47
Emma,334,£86462.48
Dave,335,£421716.78
Paula,336,£326607.91
Peter,337,£171599.26
Emma,338,£172447.29
Ella,339,£705973.79
Steph,340,£411463.52
Peter,341,£780535.18
Rob,342,£345515.14
Phil,343,£138210.71
Peter,344,£185683.46
Ella,345,£340207.04
Phil,346,£306738.2
Steph,347,£423508.63
Emma,348,£108152.86
Peter,349,£341123.12
Ella,350,£184648.74
Mike,351,£291968.89
Rob,352,£663334.69
Rob,353,£731161.09
Ella,354,£253030.43
Stacy,355,£428459.43
Dave,356,£434904.45
Rob,357,£520636.81
Phil,358,£258352.32
David,359,£576277.79
Phil,360,£927365.05
Mike,361,£85964.78
Stacy,362,£193484.04
Phil,363,£102553.02
Paula,364,£158727.25
Rob,365,£849178.73
Ella,366,£788010.57
David,367,£480665.5
Dave,368,£201108.7
David,369,£636975.8
Rob,370,£145749.03
Mike,371,£95293.37
Ella,372,£712802
Emma,373,£88379.95
Rob,374,£87166.38
Emma,375,£78580.86
Steph,376,£139975.01
Rob,377,£149648.52
Mike,378,£158622.34
Rob,379,£939350.47
Dave,380,£29964.27
Emma,381,£84505.2
Ella,382,£150007.39
David,383,£231125.74
Rob,384,£162232.35
Peter,385,£231125.74
Emma,386,£34138.87
Emma,387,£94290.95
Rob,388,£579285.46
Steph,389,£391454.61
Phil,390,£191690.6
Ella,391,£446495.15
Dave,392,£361535.58
Phil,393,£831696.22
Ella,394,£262745.86
Peter,395,£356420.03
Peter,396,£598921.49
Steph,397,£186263.75
Ella,398,£523571.2
Ella,399,£67427.5
Dave,400,£326607.91
Ella,401,£644621.84
Mike,402,£353881.78
Mike,403,£269740.75
Steph,404,£410103.16
Emma,405,£55094.99
David,406,£422352.69
Steph,407,£302599.77
Emma,408,£27642.14
Ella,409,£723818.8
Stacy,410,£494262.31
Rob,411,£711479.16
Emma,412,£139700.87
Peter,413,£736045.11
Rob,414,£279247.18
Steph,415,£570270.35
Mike,416,£399336.36
Peter,417,£186204.84
Mike,418,£319965.07
Emma,419,£182912.39
Stacy,420,£461285.82
Mike,421,£147569.86
Steph,422,£135811.89
Peter,423,£495950.5
Rob,424,£215398
Phil,425,£975263.3
Ella,426,£222498.95
Ella,427,£243161.05
Emma,428,£27075.34
Phil,429,£228339.66
Ella,430,£311817.12
Rob,431,£173480.04
Ella,432,£834315.97
Mike,433,£47468.52
Steph,434,£436421.57
Ella,435,£182431.45
David,436,£943699.55
Steve,437,£180547.14
Steph,438,£444365.99
Peter,439,£862236.48
Paula,440,£131391.37
Dave,441,£404256.86
Dave,442,£559800.44
Ella,443,£411211.09
Emma,444,£13097.82
Dave,445,£466241.96
Steve,446,£182357.87
Rob,447,£881588.35
Phil,448,£786544.82
Paula,449,£127124.84
Ella,450,£376642.68
Steph,451,£103274.95
Mike,452,£221139.79
Phil,453,£806402.7
Rob,454,£309876.57
Peter,455,£714577.36
Steph,456,£663867.01
Ella,457,£250329.55
Emma,458,£198641.69
Stacy,459,£123175.3
Steve,460,£186204.84
Steph,461,£663585.35
Peter,462,£106252.58
Phil,463,£722622.83
Rob,464,£558970.31
Ella,465,£143977.89
Rob,466,£312624.05
Mike,467,£284460.71
Stacy,468,£575301.02
Peter,469,£80189.22
Emma,470,£110510.69
Ella,471,£449008.34
Stacy,472,£183622.64
Ella,473,£308488.55
Dave,474,£553366.2
Ella,475,£336365.09
David,476,£927365.05
Rob,477,£744446.71
Ella,478,£437796.9
Phil,479,£425568.91
Phil,480,£408147.82
Ella,481,£581620.32
Steve,482,£191173.5
Rob,483,£65489.14
Rob,484,£253500.51
Paula,485,£57399.55
Rob,486,£217645.14
Emma,487,£38379.02
Steph,488,£647880.47
Phil,489,£367274.18
Stacy,490,£159299.55
Dave,491,£89402.66
Paula,492,£559395.11
Ella,493,£435111.03
Rob,494,£826509.84
Peter,495,£975903.85
Rob,496,£200489.77
Dave,497,£138502.22
Ella,498,£312299.8
Steph,499,£533342.84
Paula,500,£138502.22
Ella,501,£142453.32
Ella,502,£373150.88
Steph,503,£504351.15
Ella,504,£701048.61
Phil,505,£377702.44
Stacy,506,£341752.46
Ella,507,£427091.1
Mike,508,£334585.44
Rob,509,£934042.17
Peter,510,£886534.89
Rob,511,£434072.08
Steph,512,£371036.72
Paula,513,£367835.21
Rob,514,£224125.39
Steve,515,£200489.77
Paula,516,£160720.12
Dave,517,£74762.11
Ella,518,£863740.7
Ella,519,£817053.85
Rob,520,£551429.21
Dave,521,£447178.81
Rob,522,£959952.52
Dave,523,£248526
Ella,524,£438246.4
Ella,525,£297052.18
Steph,526,£471733.35
Dave,527,£598961.49
Paula,528,£147985.26
Ella,529,£393529.68
Paula,530,£216065.16
Mike,531,£293882.38
Dave,532,£55284.47
Phil,533,£59800.68
Dave,534,£197076.31
David,535,£633909.84
David,536,£711479.16
Paula,537,£107041.53
Phil,538,£788177.45
Ella,539,£873428.96
Steph,540,£354251.42
Emma,541,£36593.01
Rob,542,£338898.97
Phil,543,£718543.11
Dave,544,£32755.65
Steph,545,£741127.46
Ella,546,£296760.22
Stacy,547,£127124.84
Steph,548,£221421.85
Emma,549,£40097.95
Steph,550,£246268.45
Mike,551,£293844.07
Emma,552,£136242.25
Emma,553,£20510.6
Rob,554,£636975.8
Stacy,555,£284611.72
Rob,556,£905024.57
Phil,557,£524303.01
Steph,558,£341197.47
Rob,559,£887150.22
Phil,560,£577515.14
Emma,561,£68612.98
Steph,562,£270412.65
Steve,563,£215398
Phil,564,£429520.08
Phil,565,£423859.44
Peter,566,£792991.94
Mike,567,£85826.13
Dave,568,£77318.92
Rob,569,£186204.84
Phil,570,£219524.25
Steph,571,£165880.8
Rob,572,£423859.44
Ella,573,£207699.44
David,574,£275977.36
Phil,575,£423315.55
Peter,576,£730604.25
Steph,577,£160016.28
Emma,578,£176317.67
Steve,579,£219524.25
Ella,580,£279733.85
Ella,581,£463682.56
Ella,582,£339449.96
Ella,583,£416416.76
Dave,584,£35096.11
Steve,585,£220358.93
Ella,586,£798478.58
Paula,587,£158421.07
Peter,588,£939350.47
Phil,589,£201173.01
Emma,590,£155604.87
Steph,591,£113751.83
Ella,592,£851977.81
Ella,593,£323558.71
Dave,594,£297988.85
Rob,595,£993208.47
Phil,596,£345515.14
Stacy,597,£135639.43
Dave,598,£467833.91
Ella,599,£447825.1
Emma,600,£174967.07
Peter,601,£64708.23
David,602,£171599.26
Ella,603,£370448.04
Rob,604,£145523.76
Rob,605,£191173.5
Ella,606,£331288.68
Ella,607,£715883.51
Dave,608,£189466.65
Dave,609,£565686.36
Phil,610,£225808.47
Rob,611,£185683.46
Emma,612,£111794.06
Steph,613,£333022.91
Ella,614,£805802.82
Peter,615,£779143.2
Phil,616,£984122.19
Steve,617,£231125.74
Phil,618,£210409.7
Dave,619,£183622.64
David,620,£888297.22
David,621,£326749.09
Peter,622,£140390.19
Steph,623,£308666.3
Ella,624,£840390.06
Steph,625,£643084.3
Phil,626,£914459.61
Steve,627,£233850.25
Steph,628,£182456.59
Emma,629,£184356.76
Mike,630,£390720.19
Paula,631,£399487.67
Ella,632,£805247.8
Dave,633,£367835.21
Ella,634,£73222.48
Steph,635,£411703.48
Dave,636,£327293.12
Peter,637,£607947.84
Steve,638,£237809.01
Steve,639,£238095.79
Dave,640,£474584.18
Emma,641,£96133.1
Ella,642,£218296.24
Stacy,643,£100565.05
David,644,£862236.48
Ella,645,£682475.95
Steph,646,£503299.96
Stacy,647,£225980.86
Emma,648,£118094.56
Dave,649,£292795.09
Emma,650,£185473.01
Ella,651,£176775.8
Peter,652,£943699.55
Peter,653,£703345.06
Dave,654,£24944.74
Ella,655,£623410.27
Emma,656,£43436.98
Mike,657,£175608.41
Stacy,658,£595860.74
Rob,659,£182357.87
Stacy,660,£463000.5
Paula,661,£565686.36
Steph,662,£652602.57
Stacy,663,£399487.67
Paula,664,£300614.55
Phil,665,£393809.07
Dave,666,£411593.58
Ella,667,£440638.22
Steph,668,£527123.91
Mike,669,£199888.63
Peter,670,£493141.64
Emma,671,£72876.29
Rob,672,£98233.56
Peter,673,£220358.93
Peter,674,£364381.46
David,675,£520444.73
Emma,676,£157635.49
Paula,677,£108577.32
David,678,£374349.04
Rob,679,£577515.14
Paula,680,£541980.6
Peter,681,£798320.49
Emma,682,£139813.06
David,683,£333004.91
David,684,£737835.38
Mike,685,£180299.97
Dave,686,£342154.39
Phil,687,£84005.19
Rob,688,£238095.79
Stacy,689,£503123.52
Stacy,690,£361054.53
Phil,691,£186204.84
David,692,£710016.38
Ella,693,£678187.91
Steph,694,£724860.55
David,695,£182965.05
Dave,696,£197578.72
Paula,697,£226358.78
Mike,698,£212646.97
Dave,699,£574913.85
Steph,700,£581647.66
Steve,701,£253500.51
Dave,702,£542114.97
Ella,703,£776087.91
Ella,704,£184000.6
Steph,705,£575178.51
Dave,706,£461285.82
Phil,707,£958839.66
Dave,708,£543499.04
Paula,709,£503123.52
David,710,£411168.63
Steph,711,£176807.18
Stacy,712,£249899.36
Rob,713,£862236.48
Phil,714,£849178.73
Steph,715,£437332.82
Emma,716,£111540.89
Ella,717,£276876.93
Dave,718,£529833.18
Emma,719,£166408.74
Mike,720,£384216.54
Ella,721,£594319.39
Peter,722,£343064.9
Paula,723,£163344.73
Steve,724,£258352.32
Rob,725,£718016.94
Emma,726,£155043.34
Dave,727,£189491.86
Peter,728,£731161.09
Emma,729,£96784.49
Steph,730,£200635.46
Steph,731,£383552.02
Steve,732,£260524.28
Emma,733,£64816.92
Steph,734,£381298.37
Paula,735,£527831.21
Ella,736,£324165.29
Mike,737,£38234.94
Ella,738,£153722.67
Emma,739,£193692.21
Phil,740,£56472.37
Steph,741,£78407
Emma,742,£11137.69
Ella,743,£676930.99
Steph,744,£297673.51
David,745,£191173.5
Steph,746,£264828.35
Paula,747,£320107.94
Rob,748,£857672.51
Mike,749,£169489.15
Emma,750,£34319.85
Paula,751,£214767.2
Peter,752,£976173.48
Steph,753,£152953.43
Paula,754,£282847.1
Stacy,755,£24944.74
Mike,756,£383969.13
Phil,757,£942927.74
Rob,758,£709652.16
Phil,759,£937769.69
Dave,760,£146678.87
Peter,761,£351868.56
Steph,762,£604983.36
Paula,763,£283328.57
Stacy,764,£513255.14
Phil,765,£818371.86
Peter,766,£345515.14
Paula,767,£428459.43
Steph,768,£325899.84
Phil,769,£522639.11
Dave,770,£60349.35
Paula,771,£547865.38
Stacy,772,£412449.41
Phil,773,£943699.55
Emma,774,£28078.03
Peter,775,£671007.4
Ella,776,£435650.46
Ella,777,£603823.32
David,778,£652384.45
Steve,779,£273897.73
Steve,780,£275474.98
Steve,781,£275977.36
Dave,782,£584105.09
Steve,783,£276916.36
Mike,784,£363894.03
Ella,785,£714782.26
Rob,786,£607947.84
Rob,787,£450050.46
Peter,788,£520932.87
Paula,789,£575592.11
Stacy,790,£342154.39
David,791,£703345.06
Steve,792,£279247.18
Phil,793,£114562.84
David,794,£135376.71
Peter,795,£959474.9
Mike,796,£268560.21
Mike,797,£94418.17
Steph,798,£620989.75
Peter,799,£737835.38
Emma,800,£28080.83
Ella,801,£157989.71
Paula,802,£357590.84
Dave,803,£332581.7
Peter,804,£532685.24
Ella,805,£845734.63
Rob,806,£520932.87
Steve,807,£283553.53
Mike,808,£126556.68
Mike,809,£140222.96
David,810,£784471.33
Peter,811,£587122.65
Phil,812,£730604.25
Phil,813,£540764.33
David,814,£371600.71
Paula,815,£461285.82
Rob,816,£907295.48
Rob,817,£176956.25
Mike,818,£152443.3
Ella,819,£85113.51
Rob,820,£524303.01
Emma,821,£62524.81
Emma,822,£150560.82
Ella,823,£51309.72
Emma,824,£77624.62
Emma,825,£74320.14
Mike,826,£280149.02
Phil,827,£173480.04
Phil,828,£792991.94
Emma,829,£196118.72
Peter,830,£681211.25
Mike,831,£389842.63
Stacy,832,£439126.44
Ella,833,£791478.19
Ella,834,£125981.87
Paula,835,£24944.74
Rob,836,£267541.64
Phil,837,£872141.78
Phil,838,£367925.46
Ella,839,£572445.64
Steph,840,£242863.7
Peter,841,£326413.32
Peter,842,£215398
Peter,843,£486200.54
Peter,844,£253500.51
Phil,845,£633909.84
Ella,846,£146711.2
Rob,847,£346613.01
David,848,£182357.87
Steph,849,£120967.27
Emma,850,£135129.39
Steph,851,£171133.21
Ella,852,£271819.41
Rob,853,£249227.04
Phil,854,£594995.7
Rob,855,£764023.79
Ella,856,£345483.75
Ella,857,£440284.7
Stacy,858,£257142.93
Steph,859,£51036.83
Ella,860,£77011.4
Paula,861,£535835.1
Peter,862,£540764.33
Steph,863,£54469.15
Emma,864,£82233.72
Dave,865,£103695.5
Mike,866,£148187.04
Phil,867,£182357.87
Rob,868,£686329.03
Phil,869,£351868.56
Mike,870,£213225.84
Paula,871,£377687.42
Emma,872,£152730.81
Rob,873,£783147.18
Ella,874,£282521.14
Paula,875,£159299.55
Peter,876,£709652.16
Ella,877,£205796.4
Mike,878,£175021.57
Ella,879,£484392.65
Ella,880,£556270.76
Ella,881,£633084.82
Ella,882,£384505.81
Peter,883,£532231.95
Steve,884,£306738.2
Rob,885,£366302.37
Ella,886,£145386.19
Emma,887,£143603.38
Peter,888,£450050.46
Emma,889,£65158.16
Mike,890,£356526.9
Rob,891,£388123.11
Mike,892,£254084.88
Paula,893,£142423.64
Rob,894,£356420.03
Ella,895,£825264.41
Dave,896,£193484.04
Steph,897,£483797.92
Emma,898,£89619.8
Emma,899,£184697.02
Emma,900,£158265.73
Ella,901,£525045.66
Ella,902,£258968.95
Paula,903,£33886.56
Ella,904,£251740.77
Phil,905,£392904.31
Rob,906,£794222.74
Steve,907,£312709.22
Phil,908,£422526.02
Ella,909,£690306.55
Peter,910,£881588.35
Ella,911,£176366.59
Dave,912,£426042.41
Steph,913,£722841.22
Mike,914,£89081.52
Steph,915,£625308.34
Rob,916,£845176.95
Emma,917,£156107.03
Dave,918,£52093.36
Paula,919,£179387.93
Dave,920,£585314.03
Steph,921,£671165.99
Stacy,922,£326607.91
Dave,923,£517705.2
Phil,924,£193337.37
Ella,925,£719813.22
Phil,926,£864973.99
Steve,927,£316824.72
Stacy,928,£177475.18
Mike,929,£103258.36
Mike,930,£295294.32
Steph,931,£398361.68
Ella,932,£95646.55
Stacy,933,£394314.49
Phil,934,£701683.04
Ella,935,£261950.22
Steph,936,£571445.31
Rob,937,£326117.14
Ella,938,£559170.87
Mike,939,£316057.25
Emma,940,£84470.53
Phil,941,£841048.95
Steph,942,£677755.39
Rob,943,£846281.1
Peter,944,£339723.29
Dave,945,£306817.83
Ella,946,£609789.39
Mike,947,£81786.39
Phil,948,£191173.5
Peter,949,£130815.53
Steph,950,£332582.08
Phil,951,£275977.36
Mike,952,£45284.7
Rob,953,£210409.7
Steph,954,£603824.73
Ella,955,£252190.27
Steph,956,£401853.55
Rob,957,£806402.7
Mike,958,£390615.18
Dave,959,£590183.43
Mike,960,£286917.16
Rob,961,£386944.46
Emma,962,£86788.98
Steph,963,£420861.69
Phil,964,£256208.85
Rob,965,£557704.48
Mike,966,£137786.48
Paula,967,£584105.09
Rob,968,£946328.14
Steve,969,£326454.7
Stacy,970,£292795.09
Peter,971,£260524.28
Emma,972,£198714.39
Steve,973,£326749.09
Ella,974,£800129.36
David,975,£276916.36
Phil,976,£980593.6
Emma,977,£82728.45
Dave,978,£263630.88
Steph,979,£555629.85
Paula,980,£427255.24
Steph,981,£254073.81
Stacy,982,£217007.17
Dave,983,£236757.94
Phil,984,£483420.06
Steph,985,£378224.99
Steph,986,£57562.1
Ella,987,£139159.2
Phil,988,£974576.52
Dave,989,£416246.34
Peter,990,£275474.98
Emma,991,£148889.34
Stacy,992,£145028.2
Ella,993,£659459.92
Steph,994,£624235.08
David,995,£602264.76
Rob,996,£138210.71
Paula,997,£430945.91
Steve,998,£333004.91
Peter,999,£784471.33
Stacy,1000,£95111.55
Ella,1001,£396669.24
Ella,1002,£234502.66
Ella,1003,£533580.94
Paula,1004,£588868.37
Ella,1005,£799337.58
Stacy,1006,£158727.25
Stacy,1007,£104013.26
Ella,1008,£168968.73
Steph,1009,£626988.96
Dave,1010,£516036.76
Dave,1011,£388137.47
Ella,1012,£894248.62
Phil,1013,£809098.57
Ella,1014,£772654.35
Emma,1015,£39953.07
Ella,1016,£577353.37
Peter,1017,£258352.32
Dave,1018,£76090.44
Rob,1019,£201695.79
Steph,1020,£615526.91
Rob,1021,£884873.1
Ella,1022,£497474.68
Ella,1023,£844320.25
Steve,1024,£341123.12
Steph,1025,£645269.37
Stacy,1026,£216065.16
Ella,1027,£111938.02
Phil,1028,£607947.84
Mike,1029,£111993.66
Emma,1030,£145487.49
Rob,1031,£297915.82
Rob,1032,£278620.3
Rob,1033,£535497.67
Stacy,1034,£555730.91
Ella,1035,£426469.11
Steph,1036,£633440.82
Phil,1037,£752092.38
Dave,1038,£291861.16
Dave,1039,£104013.26
Phil,1040,£662519.46
Dave,1041,£284611.72
Steph,1042,£45787.26
Stacy,1043,£204980.94
Rob,1044,£171599.26
Rob,1045,£943699.55
Steph,1046,£750841.96
Mike,1047,£149342.53
Emma,1048,£98883.62
Emma,1049,£168209.79
Ella,1050,£261309.84
Mike,1051,£70908.02
Peter,1052,£193693.37
Steph,1053,£398512.83
Dave,1054,£113454.59
Paula,1055,£585314.03
Steph,1056,£491248.9
Steph,1057,£69094.57
Paula,1058,£308488.2
Emma,1059,£53177.17
Dave,1060,£286852.75
Rob,1061,£326454.7
Emma,1062,£186675.42
Phil,1063,£881675.76
Emma,1064,£104860.6
Rob,1065,£219524.25
Steph,1066,£484849.53
Emma,1067,£144524.56
Steph,1068,£482871.15
Dave,1069,£549091.87
Mike,1070,£390098.22
Peter,1071,£392904.31
Steve,1072,£356420.03
Steph,1073,£204981.19
Mike,1074,£313546.33
Phil,1075,£450050.46
Emma,1076,£118999.14
Stacy,1077,£361535.58
Ella,1078,£434078.77
Steph,1079,£381705.56
Peter,1080,£123600.09
Paula,1081,£198431.88
Dave,1082,£292504.79
Phil,1083,£145523.76
Dave,1084,£397406.13
Dave,1085,£377687.42
Phil,1086,£422352.69
Steph,1087,£582098.99
Emma,1088,£35391.25
Peter,1089,£927365.05
Emma,1090,£85113.78
Phil,1091,£590472.82
Dave,1092,£86877.39
Dave,1093,£88444.52
Rob,1094,£80189.22
Peter,1095,£153330.18
Stacy,1096,£599693.81
Paula,1097,£254009.34
Mike,1098,£236974.05
Ella,1099,£185260.06
Steph,1100,£713915.29
Rob,1101,£408147.82
Peter,1102,£518958.44
Stacy,1103,£160720.12
Ella,1104,£303214.92
Rob,1105,£374349.04
Phil,1106,£714577.36
Mike,1107,£114081.87
Phil,1108,£678832.5
Paula,1109,£157459.77
Stacy,1110,£179387.93
Ella,1111,£895887.79
Rob,1112,£482523.54
Dave,1113,£135464.65
Emma,1114,£91400.37
Mike,1115,£198267.6
Peter,1116,£818371.86
Paula,1117,£189491.86
Emma,1118,£87181.06
Steve,1119,£367274.18
Steve,1120,£367925.46
Dave,1121,£107481.33
Rob,1122,£187796.09
David,1123,£590472.82
Dave,1124,£287093.56
Phil,1125,£180547.14
Ella,1126,£857420.95
Steve,1127,£370055.1
Dave,1128,£108360.35
David,1129,£973920.27
Phil,1130,£366302.37
Steve,1131,£371600.71
Steph,1132,£145009.72
Emma,1133,£133110.11
Phil,1134,£242792.95
Dave,1135,£153585.9
Paula,1136,£285464.31
Phil,1137,£763654.05
Emma,1138,£138454.9
Peter,1139,£256208.85
Emma,1140,£33185.06
Rob,1141,£471454.76
Ella,1142,£189714.13
Mike,1143,£107593.69
Steve,1144,£374349.04
Peter,1145,£201695.79
Paula,1146,£304810.64
Steph,1147,£61808.71
Paula,1148,£525099.5
Peter,1149,£408147.82
Dave,1150,£463000.5
Ella,1151,£602582.41
Phil,1152,£253500.51
Phil,1153,£939350.47
Emma,1154,£51241.77
Rob,1155,£142405.84
Phil,1156,£224125.39
Stacy,1157,£320107.94
Steph,1158,£421229.09
Emma,1159,£174046.43
Paula,1160,£128421.15
Peter,1161,£581419.87
Stacy,1162,£565686.36
Phil,1163,£798320.49
Phil,1164,£738134.25
Steve,1165,£380246.54
Steph,1166,£571871.78
Rob,1167,£130815.53
Phil,1168,£675646.96
Phil,1169,£718016.94
Emma,1170,£121747.42
Dave,1171,£217007.17
Emma,1172,£15190.9
David,1173,£731161.09
Emma,1174,£37538.36
Ella,1175,£284979.41
Ella,1176,£574227.88
Paula,1177,£394314.49
Ella,1178,£244642.52
Ella,1179,£472046.58
Phil,1180,£711479.16
Dave,1181,£371662.56
Steph,1182,£267536.82
Mike,1183,£240499.94
Emma,1184,£187553.93
Rob,1185,£730604.25
Ella,1186,£345828.2
Paula,1187,£229991.15
Mike,1188,£290379.94
Rob,1189,£237809.01
Ella,1190,£209567.06
David,1191,£881588.35
David,1192,£370055.1
Rob,1193,£392904.31
Dave,1194,£497423.27
Mike,1195,£375762.93
Steph,1196,£283439.16
Phil,1197,£448033.23
Phil,1198,£981735.67
Ella,1199,£587665.61
Rob,1200,£980593.6
Emma,1201,£103791.68
Mike,1202,£287059.01
Ella,1203,£128925.37
Phil,1204,£520932.87
Phil,1205,£716567.32
Steph,1206,£342786.42
Ella,1207,£671347.06
Paula,1208,£474584.18
Peter,1209,£923485.13
Mike,1210,£193187.39
Ella,1211,£573634.38
David,1212,£832043.72
Dave,1213,£181114.35
Peter,1214,£89244.51
Paula,1215,£497635.06
Steph,1216,£704095.09
Mike,1217,£77007.28
Paula,1218,£42020.93
Paula,1219,£172098.16
Steve,1220,£392904.31
Phil,1221,£902475.87
Paula,1222,£530846
Rob,1223,£364381.46
Dave,1224,£402315.36
Stacy,1225,£267585.88
Peter,1226,£432312.4
Ella,1227,£383312.76
David,1228,£73128.33
Phil,1229,£737924.84
Stacy,1230,£207754.94
Rob,1231,£246848.27
Phil,1232,£413642.28
Paula,1233,£419196.62
Paula,1234,£248526
Emma,1235,£100894.44
Phil,1236,£576277.79
Stacy,1237,£427255.24
Rob,1238,£984122.19
David,1239,£432312.4
Steph,1240,£48612.16
Ella,1241,£270008.07
Ella,1242,£218039.64
Ella,1243,£685553.51
Emma,1244,£96083.64
Phil,1245,£135376.71
Phil,1246,£249227.04
Steph,1247,£778861.69
Steph,1248,£465352.04
Steph,1249,£322736.68
Dave,1250,£118765.49
Ella,1251,£640215.09
Ella,1252,£757780.64
Peter,1253,£422526.02
Emma,1254,£140669.01
Mike,1255,£247613.41
Dave,1256,£424154.14
Emma,1257,£112246.15
Rob,1258,£615832.03
Rob,1259,£325790.84
Ella,1260,£630742.65
Phil,1261,£665550.58
Dave,1262,£307723.68
Rob,1263,£429520.08
Rob,1264,£921783.84
Phil,1265,£553178.46
Ella,1266,£549216.49
Ella,1267,£815021.98
David,1268,£479628.23
Emma,1269,£40234.6
David,1270,£367274.18
Ella,1271,£279713.13
Phil,1272,£109722.93
Mike,1273,£133921.2
Rob,1274,£481021.1
Steph,1275,£230942.29
Peter,1276,£914459.61
Dave,1277,£76098.95
Rob,1278,£180547.14
Ella,1279,£703636.74
Dave,1280,£149309
Steph,1281,£391068.55
Peter,1282,£182357.87
Steph,1283,£290665.84
David,1284,£454588.23
Ella,1285,£620977.03
Emma,1286,£29104.75
Rob,1287,£864973.99
Phil,1288,£233850.25
Steph,1289,£688339.04
Rob,1290,£952411.65
Dave,1291,£320107.94
Ella,1292,£641849.78
Steve,1293,£415071.23
Dave,1294,£433940.27
Stacy,1295,£531970.47
Phil,1296,£993208.47
Dave,1297,£464711.69
Mike,1298,£67203.99
Dave,1299,£514900.44
Steph,1300,£714668.44
Emma,1301,£28481.16
Dave,1302,£416142.58
Emma,1303,£163325.37
Dave,1304,£562072.26
Peter,1305,£786544.82
Paula,1306,£341752.46
Dave,1307,£81733.15
Stacy,1308,£83977.02
Ella,1309,£812741.57
Emma,1310,£68523.82
Phil,1311,£744446.71
Steve,1312,£422352.69
David,1313,£106252.58
Rob,1314,£170694.38
Ella,1315,£297317.18
Steph,1316,£206323.22
Ella,1317,£303074.07
Steve,1318,£423315.55
David,1319,£468994.66
Rob,1320,£89244.51
Ella,1321,£885588.8
Steve,1322,£423859.44
Emma,1323,£65349.81
Dave,1324,£122894.82
Steve,1325,£425568.91
Steph,1326,£337611.01
Dave,1327,£307840.75
Mike,1328,£131215.08
Mike,1329,£105087.78
Emma,1330,£138131.08
Emma,1331,£37559.21
David,1332,£598921.49
Mike,1333,£317500.69
Ella,1334,£199998.28
Phil,1335,£625353.08
Steph,1336,£458999.79
Ella,1337,£749723.33
Emma,1338,£49369.65
Dave,1339,£239281.67
Rob,1340,£958839.66
Phil,1341,£286169.82
Mike,1342,£397496.46
Paula,1343,£183622.64
David,1344,£749257.11
Steve,1345,£432312.4
Emma,1346,£171534.5
Phil,1347,£780535.18
Stacy,1348,£531920.09
Dave,1349,£257142.93
Paula,1350,£307723.68
Mike,1351,£334450.1
Dave,1352,£595860.74
Phil,1353,£65883.87
Rob,1354,£106252.58
Rob,1355,£423434.67
Ella,1356,£168425.46
Ella,1357,£728587.3
David,1358,£109722.93
Ella,1359,£695205.86
Emma,1360,£155828.64
Ella,1361,£395283.71
Emma,1362,£55383.27
Ella,1363,£350081.22
Emma,1364,£126788.3
Rob,1365,£602264.76
Emma,1366,£67944.65
Phil,1367,£170694.38
Peter,1368,£483420.06
Peter,1369,£160660.28
Emma,1370,£151879.01
Steve,1371,£437453.86
Paula,1372,£32755.65
Mike,1373,£185049.09
Dave,1374,£277441.9
Dave,1375,£423262.61
Phil,1376,£432312.4
David,1377,£457001.85
David,1378,£975903.85
Paula,1379,£285158.12
Peter,1380,£888379.88
Paula,1381,£396161.88
Steph,1382,£558206.25
David,1383,£495950.5
Stacy,1384,£350403.96
Dave,1385,£457598.2
Dave,1386,£96257.83
Ella,1387,£85769.02
Stacy,1388,£285158.12
Peter,1389,£377702.44
Paula,1390,£448906.83
Paula,1391,£269056.91
Rob,1392,£937769.69
Peter,1393,£727535.85
Emma,1394,£149851.42
Ella,1395,£864168.04
Phil,1396,£727437.47
Steph,1397,£456562
Phil,1398,£710016.38
Ella,1399,£665699.06
Paula,1400,£83977.02
Ella,1401,£312215.97
Dave,1402,£172098.16
Peter,1403,£692274.51
Emma,1404,£45161.69
Stacy,1405,£329464.41
Ella,1406,£297154.17
Emma,1407,£62541.84
Dave,1408,£588172.31
Dave,1409,£256199.14
Emma,1410,£26292.61
Dave,1411,£284316.05
Phil,1412,£356420.03
Rob,1413,£812320.06
Rob,1414,£749257.11
Ella,1415,£612887.15
Paula,1416,£283479.28
Peter,1417,£411168.63
Phil,1418,£193693.37
Dave,1419,£248598.6
Peter,1420,£914561.98
Phil,1421,£667592.1
Steph,1422,£564960.65
Rob,1423,£482038.43
Paula,1424,£35096.11
Peter,1425,£386324.39
Steph,1426,£42554.36
David,1427,£812320.06
Emma,1428,£132666.93
Dave,1429,£497635.06
Emma,1430,£85904.01
David,1431,£87166.38
Mike,1432,£63074.46
Ella,1433,£434855.14
Steph,1434,£359885.71
David,1435,£341123.12
David,1436,£752092.38
Peter,1437,£698504.36
Steph,1438,£559553.37
Steph,1439,£379353.94
Peter,1440,£435905.33
Phil,1441,£217184.94
Dave,1442,£213777.97
Paula,1443,£477081.64
Paula,1444,£513255.14
Mike,1445,£155255.01
Paula,1446,£433880.31
Phil,1447,£727535.85
Steph,1448,£753741.43
Stacy,1449,£585314.03
Emma,1450,£120452.95
Steve,1451,£454588.23
Steph,1452,£644720.26
Ella,1453,£591893.1
Steve,1454,£457001.85
Phil,1455,£343064.9
Stacy,1456,£55284.47
Peter,1457,£217184.94
Paula,1458,£529833.18
Dave,1459,£485614.01
Dave,1460,£242630.4
Ella,1461,£194825.15
Mike,1462,£188516.51
Dave,1463,£376877.68
Ella,1464,£69998.12
Steph,1465,£103263.62
Stacy,1466,£575592.11
Emma,1467,£16801.03
Dave,1468,£394314.49
Dave,1469,£107356.69
Phil,1470,£237809.01
Peter,1471,£794222.74
Paula,1472,£43651.93
Ella,1473,£466341.69
Dave,1474,£315183.95
Ella,1475,£470924.23
Steph,1476,£746539.44
Paula,1477,£32871.2
Phil,1478,£946328.14
Paula,1479,£135639.43
Peter,1480,£633909.84
Emma,1481,£36109.42
Steph,1482,£369606.2
Steph,1483,£586057.62
Ella,1484,£845201.65
Dave,1485,£212133.73
Emma,1486,£115168.01
Dave,1487,£36818.61
Paula,1488,£516036.76
Paula,1489,£72757.06
Mike,1490,£352136.12
Ella,1491,£130887.93
Steve,1492,£468994.66
Phil,1493,£89244.51
Phil,1494,£246848.27
Mike,1495,£101604.83
Stacy,1496,£291861.16
Emma,1497,£194784.05
Rob,1498,£625353.08
Emma,1499,£99190.1
Mike,1500,£70244.38
Rob,1501,£504472.21
Emma,1502,£51670.46
Rob,1503,£690870.3
Mike,1504,£83048.2
Stacy,1505,£214767.2
Emma,1506,£52104.85
Phil,1507,£791328.69
Steph,1508,£378633.48
Phil,1509,£371600.71
Paula,1510,£122894.82
Paula,1511,£201777.82
David,1512,£508780.36
Emma,1513,£16898.06
Ella,1514,£498878.04
Stacy,1515,£440217.56
Steph,1516,£259382.92
Stacy,1517,£112719.55
Dave,1518,£353160.53
Steph,1519,£286371.39
Paula,1520,£247939.16
Phil,1521,£69477.79
David,1522,£494418.14
Steph,1523,£151975.92
Rob,1524,£140404.16
Steph,1525,£694819.78
Rob,1526,£598921.49
Ella,1527,£468878.99
Emma,1528,£24720.01
Rob,1529,£759395.05
Rob,1530,£217184.94
Steve,1531,£480418.21
Steve,1532,£480665.5
Mike,1533,£390365.7
Ella,1534,£684721.89
Rob,1535,£201173.01
Peter,1536,£999497.61
Mike,1537,£363009.57
Rob,1538,£515665.13
Emma,1539,£59583.16
Ella,1540,£481876.27
Peter,1541,£864973.99
Rob,1542,£306738.2
Phil,1543,£231125.74
Peter,1544,£353453.23
Steve,1545,£483420.06
Peter,1546,£482038.43
Peter,1547,£423315.55
Rob,1548,£371600.71
Peter,1549,£101016.74
Phil,1550,£187796.09
Ella,1551,£499653.11
David,1552,£326454.7
David,1553,£794222.74
Phil,1554,£764023.79
Emma,1555,£159664.09
Rob,1556,£973920.27
Dave,1557,£440272.09
Rob,1558,£448099.03
Stacy,1559,£276366.22
Emma,1560,£153270.56
Steph,1561,£215302.77
Steph,1562,£380571.71
Dave,1563,£513255.14
Peter,1564,£841048.95
Dave,1565,£214370.26
Emma,1566,£160701.03
Emma,1567,£121976.11
Steph,1568,£198875.04
Phil,1569,£959474.9
Ella,1570,£614767.96
Emma,1571,£96026.44
Steph,1572,£42874.3
Peter,1573,£423859.44
Ella,1574,£896707.62
Ella,1575,£359524.97
Mike,1576,£346344.73
Phil,1577,£968461.05
Rob,1578,£69477.79
Peter,1579,£788177.45
Mike,1580,£61727.72
Phil,1581,£162232.35
Steph,1582,£107607.11
Steve,1583,£494418.14
Steph,1584,£101497.1
Rob,1585,£716567.32
Paula,1586,£575301.02
David,1587,£619073.32
Peter,1588,£226252.32
Paula,1589,£440272.09
Phil,1590,£587122.65
Steph,1591,£334408.48
Stacy,1592,£32755.65
Rob,1593,£454588.23
Peter,1594,£87166.38
Ella,1595,£657631.75
Steve,1596,£495950.5
Emma,1597,£75540.48
Dave,1598,£506312.37
Phil,1599,£494418.14
Peter,1600,£145523.76
Stacy,1601,£353160.53
David,1602,£312709.22
Peter,1603,£636975.8
Phil,1604,£480418.21
Stacy,1605,£214370.26
Phil,1606,£707480.04
Dave,1607,£158421.07
Stacy,1608,£547927.77
Phil,1609,£598921.49
Dave,1610,£304810.64
Emma,1611,£186808.43
Peter,1612,£362684.68
Dave,1613,£44918.49
Phil,1614,£326413.32
Ella,1615,£598043.73
Peter,1616,£737924.84
Steph,1617,£75594.2
Ella,1618,£197987.68
Rob,1619,£521699.12
Phil,1620,£636975.8
David,1621,£981735.67
Rob,1622,£265885.88
Peter,1623,£135376.71
Steph,1624,£622117.99
David,1625,£881675.76
Mike,1626,£235453.26
Dave,1627,£508078.4
Phil,1628,£140404.16
David,1629,£69288.2
Dave,1630,£205946.75
Ella,1631,£296204.29
Emma,1632,£147584.96
Dave,1633,£30680.8
Rob,1634,£675646.96
Ella,1635,£173197.96
Steve,1636,£508780.36
Paula,1637,£574913.85
Ella,1638,£199586.53
Phil,1639,£556116.05
Mike,1640,£96350.32
Dave,1641,£378746.3
Dave,1642,£527831.21
Phil,1643,£832043.72
Steph,1644,£636533.45
Mike,1645,£117816.57
Steph,1646,£71350.41
Mike,1647,£143384.79
Steph,1648,£344041.55
Steph,1649,£45633.59
Emma,1650,£44825.07
Phil,1651,£71143.76
David,1652,£200489.77
Dave,1653,£91653.44
Steph,1654,£132901.38
Peter,1655,£140404.16
Ella,1656,£222182.77
Rob,1657,£780535.18
Steph,1658,£284814.45
Steve,1659,£515665.13
Paula,1660,£218682.2
Mike,1661,£250376.68
Ella,1662,£590213.79
David,1663,£386324.39
Mike,1664,£40108.61
Ella,1665,£212059.87
Rob,1666,£187691.84
Rob,1667,£114562.84
Stacy,1668,£149309
Rob,1669,£425568.91
Mike,1670,£344567.19
Phil,1671,£130815.53
Rob,1672,£667592.1
Ella,1673,£737490.62
Paula,1674,£598961.49
Steve,1675,£520444.73
Peter,1676,£155034.12
Steve,1677,£520636.81
Paula,1678,£243501.31
Rob,1679,£737924.84
Emma,1680,£110635.69
Peter,1681,£265885.88
Emma,1682,£123814.66
Emma,1683,£98628.32
Ella,1684,£136626.76
Rob,1685,£976173.48
Emma,1686,£180960.82
Dave,1687,£108577.32
Dave,1688,£584505.05
Ella,1689,£712569.48
Paula,1690,£361535.58
Rob,1691,£914459.61
Ella,1692,£648170.15
Ella,1693,£878440.29
Phil,1694,£134920.91
Stacy,1695,£308488.2
Phil,1696,£973920.27
Rob,1697,£75954.54
Peter,1698,£809098.57
Paula,1699,£306817.83
Ella,1700,£292280.06
Steph,1701,£60124.32
Rob,1702,£678832.5
Ella,1703,£769326.97
Emma,1704,£199659.21
Emma,1705,£145507.17
Dave,1706,£489164.79
Peter,1707,£309876.57
Mike,1708,£283813.39
Ella,1709,£726781.37
Phil,1710,£916471.99
Emma,1711,£127047.68
Paula,1712,£73034.86
Peter,1713,£233850.25
Steve,1714,£532231.95
Paula,1715,£94560.05
Phil,1716,£142405.84
Rob,1717,£894720.8
Stacy,1718,£124320.57
David,1719,£356420.03
Dave,1720,£474756.15
Ella,1721,£464247.33
Dave,1722,£559395.11
Phil,1723,£55688.46
Steph,1724,£456207.2
Peter,1725,£433944.94
Emma,1726,£104127.36
Rob,1727,£701683.04
Phil,1728,£611178
Dave,1729,£225980.86
Rob,1730,£766352.83
Steph,1731,£47137.58
Steph,1732,£331801.65
Paula,1733,£217007.17
Stacy,1734,£489164.79
Ella,1735,£228255.77
Stacy,1736,£101668.64
Ella,1737,£656128.27
Emma,1738,£161684.22
Ella,1739,£835010.83
Phil,1740,£339723.29
Steph,1741,£675406.78
Emma,1742,£49845.4
Rob,1743,£698504.36
Steve,1744,£540764.33
Ella,1745,£83254.12
Steph,1746,£537103.33
Ella,1747,£178249.22
Emma,1748,£194915.3
Steph,1749,£545761.42
Peter,1750,£635238.43
Mike,1751,£302342.24
Steph,1752,£647092.61
Phil,1753,£888297.22
Peter,1754,£794504.91
Steph,1755,£304057.68
Dave,1756,£343585.56
Ella,1757,£127269.58
Stacy,1758,£107041.53
Dave,1759,£584923.63
Emma,1760,£188739.91
Ella,1761,£636059.61
David,1762,£153330.18
Phil,1763,£493141.64
Ella,1764,£769616.49
Rob,1765,£688150.8
Mike,1766,£156325.41
Ella,1767,£460487.69
Mike,1768,£180903.08
Paula,1769,£531970.47
Phil,1770,£884873.1
Mike,1771,£271866.04
Steph,1772,£104897.36
Rob,1773,£870232.19
Phil,1774,£698504.36
Stacy,1775,£142423.64
Mike,1776,£32520.82
Stacy,1777,£433880.31
Emma,1778,£178758.31
Rob,1779,£480418.21
Mike,1780,£312452.82
Ella,1781,£604445.86
Phil,1782,£185683.46
Rob,1783,£343064.9
Peter,1784,£667592.1
Peter,1785,£158088.99
Peter,1786,£615832.03
Rob,1787,£581419.87
Ella,1788,£474376.37
Steph,1789,£240636.8
Stacy,1790,£73034.86
Dave,1791,£189671.28
Ella,1792,£471360.99
Dave,1793,£39399.53
Ella,1794,£658961.7
Paula,1795,£436149.76
Steph,1796,£34610.65
Steve,1797,£556116.05
Ella,1798,£779187.25
Dave,1799,£181062.44
Phil,1800,£312709.22
Ella,1801,£732075.84
Emma,1802,£37136.69
Peter,1803,£84005.19
Rob,1804,£718543.11
Rob,1805,£818146.03
David,1806,£888379.88
Rob,1807,£729117.84
David,1808,£772403.34
Steph,1809,£284184.76
Steph,1810,£168080.39
Phil,1811,£870232.19
Rob,1812,£351868.56
Ella,1813,£761474.12
Mike,1814,£161231
Paula,1815,£189671.28
Ella,1816,£623217.99
Peter,1817,£752092.38
Emma,1818,£150418.47
Peter,1819,£422352.69
Stacy,1820,£222276.58
Emma,1821,£122235.6
Emma,1822,£66600.98
Ella,1823,£107766.75
Ella,1824,£831539.33
Emma,1825,£78761.81
David,1826,£794504.91
Peter,1827,£494628.05
Ella,1828,£823555.46
Ella,1829,£238363.82
Phil,1830,£73128.33
David,1831,£258352.32
Dave,1832,£42020.93
Mike,1833,£119041.59
Dave,1834,£469904.69
Ella,1835,£785692.74
Mike,1836,£88877.91
Dave,1837,£596082.29
Emma,1838,£177659.44
Ella,1839,£507417
Emma,1840,£55195.47
David,1841,£857672.51
Stacy,1842,£241122.77
Steph,1843,£229301.43
Paula,1844,£423262.61
Phil,1845,£279247.18
Peter,1846,£534643.8
Rob,1847,£273897.73
Peter,1848,£279247.18
Steve,1849,£576277.79
Dave,1850,£418183.66
Rob,1851,£341123.12
Rob,1852,£432312.4
David,1853,£736045.11
David,1854,£423315.55
Phil,1855,£792307.37
Phil,1856,£652384.45
Dave,1857,£455953.36
Ella,1858,£214497.59
Steph,1859,£599064.35
Steph,1860,£530574.65
Mike,1861,£297196.52
Rob,1862,£182965.05
Steph,1863,£35246.03
Phil,1864,£709652.16
Ella,1865,£178567.75
Steph,1866,£332678.63
Phil,1867,£778024.37
Emma,1868,£156894.26
Rob,1869,£59800.68
Dave,1870,£230542.58
Dave,1871,£440399.71
David,1872,£56472.37
Rob,1873,£662519.46
Ella,1874,£549922.7
Ella,1875,£406193.86
Phil,1876,£316824.72
Ella,1877,£232079.4
Peter,1878,£386944.46
Peter,1879,£457001.85
Dave,1880,£316377.64
Steph,1881,£167403.87
Peter,1882,£191895.11
Mike,1883,£303446.5
Emma,1884,£165301.96
Phil,1885,£182965.05
Emma,1886,£29149.8
Rob,1887,£790518.83
Ella,1888,£171400.99
Mike,1889,£51908.9
Phil,1890,£581419.87
Stacy,1891,£307723.68
Ella,1892,£466647.74
Ella,1893,£330593.56
Steph,1894,£730750.24
Steph,1895,£411307.83
Phil,1896,£482038.43
Stacy,1897,£254009.34
Steph,1898,£596766.29
Steve,1899,£587122.65
David,1900,£367925.46
Peter,1901,£276916.36
Ella,1902,£544131.63
Dave,1903,£331204.01
Steph,1904,£152529.7
Steph,1905,£107424.52
Peter,1906,£655645.23
Ella,1907,£435332.29
Phil,1908,£326454.7
Steve,1909,£590472.82
Steph,1910,£785196.28
Dave,1911,£211573.08
Phil,1912,£333004.91
Ella,1913,£411999.99
Emma,1914,£99094.83
Phil,1915,£794504.91
David,1916,£841048.95
Ella,1917,£598773.14
Mike,1918,£311357.09
Peter,1919,£486595.65
Steph,1920,£189550.7
Stacy,1921,£157459.77
Mike,1922,£65989.64
Phil,1923,£959952.52
Steph,1924,£407433.84
Rob,1925,£904804.1
Paula,1926,£133051.89
Peter,1927,£710016.38
Dave,1928,£285158.12
Emma,1929,£166339.24
Ella,1930,£605638.2
Paula,1931,£101668.64
Ella,1932,£830017.12
Paula,1933,£555730.91
Emma,1934,£199899.52
Mike,1935,£203500.47
Mike,1936,£37586.08
Ella,1937,£743537.45
Mike,1938,£355808.32
David,1939,£316824.72
Steve,1940,£598921.49
Dave,1941,£170864.32
Emma,1942,£162269.6
Steph,1943,£144424.84
Steph,1944,£141687.36
Emma,1945,£163629.2
Steph,1946,£706686.62
Ella,1947,£369774.09
David,1948,£907295.48
Emma,1949,£183294.39
Peter,1950,£162232.35
Peter,1951,£778024.37
Steve,1952,£602264.76
Steph,1953,£390212.6
Ella,1954,£803458.51
Steph,1955,£526463.14
Emma,1956,£187870.09
Steph,1957,£798618.91
Ella,1958,£775069.73
Phil,1959,£423434.67
Ella,1960,£548883.7
Ella,1961,£352531.21
Ella,1962,£823463.86
David,1963,£273897.73
Emma,1964,£26163.1
Steph,1965,£287159.07
Phil,1966,£374349.04
Peter,1967,£333004.91
Phil,1968,£862236.48
Peter,1969,£437453.86
Dave,1970,£128421.15
Dave,1971,£355553.2
Peter,1972,£170694.38
Dave,1973,£152576.76
Mike,1974,£217816.65
Steve,1975,£607947.84
Stacy,1976,£181114.35
David,1977,£233850.25
Peter,1978,£826509.84
Emma,1979,£69322.6
Paula,1980,£104013.26
Stacy,1981,£527831.21
Steve,1982,£608737.14
Stacy,1983,£307840.75
Emma,1984,£31617.79
Rob,1985,£518958.44
Steph,1986,£597925.72
Rob,1987,£55688.46
Ella,1988,£588975.56
Ella,1989,£171867.49
Dave,1990,£440217.56
Rob,1991,£792991.94
Mike,1992,£58665.29
Phil,1993,£993571.99
Phil,1994,£370055.1
Phil,1995,£191895.11
Emma,1996,£73585.09
Ella,1997,£366743.1
Dave,1998,£456178.71
Emma,1999,£182891.92
Peter,2000,£520444.73
Dave,2001,£298102.51
Mike,2002,£355161.1
Steph,2003,£684639.82
Ella,2004,£586604.13
Emma,2005,£38667.47
Emma,2006,£107099.53
Peter,2007,£968461.05
Dave,2008,£472326.74
Dave,2009,£300614.55
Rob,2010,£981735.67
Ella,2011,£746132.83
Peter,2012,£325790.84
Emma,2013,£127395.16
Ella,2014,£891242.26
Steph,2015,£274672.41
Emma,2016,£77264.87
Emma,2017,£117424.53
Steph,2018,£440220.38
Rob,2019,£576277.79
Emma,2020,£43904.85
Steph,2021,£115132.92
Peter,2022,£625353.08
Stacy,2023,£541980.6
Phil,2024,£155034.12
Stacy,2025,£248526
Phil,2026,£534643.8
Ella,2027,£320092.92
Ella,2028,£669258.05
Mike,2029,£37512.24
Peter,2030,£176956.25
Ella,2031,£476690.96
David,2032,£283553.53
Phil,2033,£933377.13
Dave,2034,£522073.78
David,2035,£826509.84
Peter,2036,£237809.01
Paula,2037,£149309
Emma,2038,£30666.03
Mike,2039,£198456.54
Rob,2040,£927365.05
Steph,2041,£505759.33
Phil,2042,£140390.19
Phil,2043,£483922.45
Ella,2044,£226127.4
Emma,2045,£14625.66
Steph,2046,£254312.42
Dave,2047,£201777.82
Emma,2048,£20203.34
Emma,2049,£189265.62
Ella,2050,£619347.02
Steph,2051,£780687.98
Ella,2052,£357618.64
Ella,2053,£366493.06
Paula,2054,£123175.3
Paula,2055,£263590.78
Rob,2056,£916235.35
Mike,2057,£367468.03
Emma,2058,£142003.27
David,2059,£423859.44
Ella,2060,£470521.94
Phil,2061,£326749.09
Dave,2062,£113135.97
Steph,2063,£610622.82
Ella,2064,£215514.96
Steve,2065,£633909.84
Rob,2066,£494628.05
Mike,2067,£287628.72
Dave,2068,£128150.64
Paula,2069,£76090.44
Phil,2070,£515665.13
Rob,2071,£56472.37
Steph,2072,£413086.44
Rob,2073,£803505.18
Ella,2074,£291696.59
Peter,2075,£415071.23
Rob,2076,£590472.82
Stacy,2077,£124829.28
Stacy,2078,£189671.28
Emma,2079,£132503.89
Peter,2080,£665550.58
Peter,2081,£946328.14
Steph,2082,£720954.12
Emma,2083,£97319.13
Mike,2084,£234971.35
Peter,2085,£367925.46
Emma,2086,£59178.27
Dave,2087,£483650.6
Emma,2088,£104186.57
Emma,2089,£145823.56
Stacy,2090,£468640.94
Dave,2091,£199615.34
Mike,2092,£85184.76
Stacy,2093,£367835.21
Phil,2094,£160660.28
Mike,2095,£145522.96
Emma,2096,£89606.64
Paula,2097,£102038.7
Steph,2098,£252152.78
Ella,2099,£288737.9
Steph,2100,£442533.83
Mike,2101,£208682.87
Steph,2102,£730667.26
Stacy,2103,£131391.37
Emma,2104,£169256.22
Peter,2105,£134920.91
Paula,2106,£65857.31
Emma,2107,£162464.01
Mike,2108,£381465.59
Dave,2109,£72757.06
Steph,2110,£44489.41
Ella,2111,£630088.41
Phil,2112,£794222.74
Paula,2113,£36818.61
Stacy,2114,£158421.07
Emma,2115,£81629.56
Paula,2116,£473416.81
Rob,2117,£228339.66
Steph,2118,£787130.62
Peter,2119,£590472.82
Phil,2120,£783147.18
Emma,2121,£106537.04
Dave,2122,£121805.73
Steph,2123,£550580.39
Mike,2124,£399804.33
Ella,2125,£724188.84
Rob,2126,£295891.37
Paula,2127,£79356.51
Phil,2128,£905024.57
Paula,2129,£112719.55
Steph,2130,£786945.15
Peter,2131,£312709.22
Rob,2132,£794504.91
Paula,2133,£472820.33
Mike,2134,£137671.83
David,2135,£520636.81
Peter,2136,£370055.1
Phil,2137,£380246.54
Rob,2138,£67876.55
Phil,2139,£812320.06
Emma,2140,£172074.41
Ella,2141,£703642.95
Emma,2142,£42372.68
Dave,2143,£465393.59
Ella,2144,£630240.75
Phil,2145,£226252.32
Peter,2146,£556116.05
Rob,2147,£816626.86
Rob,2148,£73128.33
Stacy,2149,£189491.86
Stacy,2150,£229991.15
Ella,2151,£126389.69
Dave,2152,£50397.09
Mike,2153,£95114.13
Stacy,2154,£314907.68
David,2155,£818371.86
Steph,2156,£749560.7
Stacy,2157,£152576.76
Rob,2158,£422526.02
Steph,2159,£528919.94
Steph,2160,£161194.55
Ella,2161,£651820.43
Mike,2162,£163552.2
Phil,2163,£576937.25
Peter,2164,£145749.03
Steph,2165,£651371.24
Steph,2166,£389177.96
Emma,2167,£84663.11
Phil,2168,£363604.57
Rob,2169,£423315.55
Rob,2170,£714577.36
Paula,2171,£152576.76
Rob,2172,£94851.62
Emma,2173,£70690.64
Peter,2174,£818146.03
Phil,2175,£131463.07
Peter,2176,£283553.53
Paula,2177,£207754.94
Steph,2178,£119693.07
Steph,2179,£165507.8
Rob,2180,£191690.6
Steph,2181,£194942.52
Steph,2182,£761428.39
Mike,2183,£319109.18
Emma,2184,£158598.38
Stacy,2185,£547865.38
Rob,2186,£191233.25
Ella,2187,£104939.62
Dave,2188,£308021.19
Rob,2189,£552553.48
Steph,2190,£383872.27
Ella,2191,£688863.39
Steph,2192,£57955.3
Dave,2193,£41725.27
Dave,2194,£552329.31
Ella,2195,£314408.28
Dave,2196,£563035.7
Steph,2197,£696367.55
Steve,2198,£671007.4
Ella,2199,£719549.91
Ella,2200,£785600.54
Peter,2201,£182965.05
Steph,2202,£211475
Phil,2203,£153330.18
Mike,2204,£351251.66
Dave,2205,£448906.83
Emma,2206,£73260.47
Steph,2207,£709461.96
Ella,2208,£765054.65
Ella,2209,£495632.14
Ella,2210,£266038.23
Rob,2211,£84490.31
Emma,2212,£106928.76
Emma,2213,£161280.54
Steph,2214,£427777.41
Ella,2215,£893923.37
Ella,2216,£384019.18
Peter,2217,£210409.7
Peter,2218,£959952.52
Phil,2219,£766352.83
Mike,2220,£172185.64
Mike,2221,£170665.67
Phil,2222,£98233.56
Peter,2223,£749257.11
Rob,2224,£486200.54
Phil,2225,£923485.13
Dave,2226,£229991.15
Rob,2227,£698334.11
Ella,2228,£731206.12
Ella,2229,£106953.33
Emma,2230,£48558.59
Ella,2231,£350921.82
Ella,2232,£504261.91
Peter,2233,£522639.11
David,2234,£515665.13
Rob,2235,£788177.45
Ella,2236,£736877.31
David,2237,£551429.21
Steph,2238,£518248.45
Peter,2239,£495474.18
Steph,2240,£219301.28
Dave,2241,£327674.03
Ella,2242,£600755.78
Peter,2243,£808421.1
Ella,2244,£520880.13
Ella,2245,£505394.49
Phil,2246,£914561.98
Dave,2247,£158727.25
Peter,2248,£888297.22
Mike,2249,£329172.66
Emma,2250,£73454.83
Ella,2251,£815056.18
Stacy,2252,£424154.14
Steph,2253,£614480.6
Rob,2254,£532685.24
Emma,2255,£104527.82
Dave,2256,£85015.53
Mike,2257,£198805.71
Phil,2258,£731161.09
Ella,2259,£185727.82
Peter,2260,£857672.51
Phil,2261,£65489.14
Ella,2262,£173291.24
Rob,2263,£808421.1
Stacy,2264,£474756.15
Phil,2265,£575840.06
Phil,2266,£508780.36
Steph,2267,£96027.96
Dave,2268,£199343.66
Paula,2269,£286852.75
Peter,2270,£791328.69
Ella,2271,£537627.73
Steph,2272,£562904.87
Phil,2273,£481021.1
Stacy,2274,£447178.81
Peter,2275,£877106.26
Ella,2276,£351476.62
Steph,2277,£503274.29
David,2278,£483420.06
David,2279,£671007.4
Peter,2280,£983893.36
Rob,2281,£448033.23
Rob,2282,£140390.19
Steph,2283,£698550.75
Mike,2284,£118377.95
Stacy,2285,£48335.88
Steve,2286,£692274.51
Emma,2287,£191767.93
Mike,2288,£117202.27
Steph,2289,£265962.95
David,2290,£662519.46
Mike,2291,£98645.64
Rob,2292,£165925.34
Dave,2293,£254009.34
Steph,2294,£292893.43
David,2295,£219524.25
Emma,2296,£135766.5
Paula,2297,£222276.58
Stacy,2298,£517705.2
Rob,2299,£160660.28
Ella,2300,£530583.42
Steph,2301,£652785.62
Rob,2302,£193693.37
Paula,2303,£463000.5
Ella,2304,£505834.2
Rob,2305,£483922.45
Dave,2306,£523715.44
Phil,2307,£551429.21
Phil,2308,£775216.71
Ella,2309,£612639.61
Peter,2310,£775216.71
Ella,2311,£589265.98
Phil,2312,£874835.35
Peter,2313,£249227.04
Dave,2314,£525099.5
Dave,2315,£428138.74
Rob,2316,£316824.72
Stacy,2317,£543499.04
Peter,2318,£297915.82
Dave,2319,£291989.1
Ella,2320,£315592.17
Rob,2321,£974576.52
Steph,2322,£95503.12
Emma,2323,£121589.56
Phil,2324,£999497.61
Ella,2325,£134774.5
Mike,2326,£257417.51
Rob,2327,£763654.05
Paula,2328,£263630.88
Phil,2329,£199765.38
Dave,2330,£163344.73
Mike,2331,£321451.13
Peter,2332,£722622.83
Ella,2333,£636095.44
Phil,2334,£888379.88
Rob,2335,£831696.22
Paula,2336,£39399.53
Emma,2337,£141930.43
Steph,2338,£690557.86
Emma,2339,£46225.14
David,2340,£976173.48
Rob,2341,£737835.38
Mike,2342,£326903.6
Ella,2343,£337748
David,2344,£392904.31
Rob,2345,£457001.85
Emma,2346,£176974.62
Dave,2347,£329464.41
Steve,2348,£711479.16
Paula,2349,£124829.28
Emma,2350,£55849.43
Ella,2351,£541140.28
Phil,2352,£635238.43
Ella,2353,£702391.28
Paula,2354,£595860.74
Ella,2355,£150418.42
Rob,2356,£153330.18
Paula,2357,£447178.81
Phil,2358,£171599.26
Dave,2359,£590322.89
Ella,2360,£552106.63
Emma,2361,£13857.64
Paula,2362,£193484.04
Dave,2363,£291083.16
Emma,2364,£17433.27
Rob,2365,£275977.36
Peter,2366,£217645.14
Paula,2367,£388137.47
Stacy,2368,£530846
Ella,2369,£808095.31
Dave,2370,£188047.35
Rob,2371,£495474.18
Stacy,2372,£489302.43
Emma,2373,£137265.8
Rob,2374,£483420.06
Peter,2375,£326454.7
Ella,2376,£804971.43
Peter,2377,£109722.93
Ella,2378,£656216.29
Emma,2379,£178944.16
Ella,2380,£309226.1
Phil,2381,£494628.05
Phil,2382,£386324.39
Paula,2383,£121805.73
Mike,2384,£242261.48
Dave,2385,£362232.46
Steph,2386,£179015.47
Ella,2387,£876665.5
Peter,2388,£173480.04
Rob,2389,£959474.9
Ella,2390,£728173.19
Ella,2391,£142262.16
Ella,2392,£335181.29
Dave,2393,£100565.05
Dave,2394,£520909.94
Steph,2395,£674511.85
Emma,2396,£45667.93
Phil,2397,£860372.05
Stacy,2398,£147985.26
Phil,2399,£857672.51
Peter,2400,£366302.37
Paula,2401,£204980.94
Ella,2402,£202426.41
Emma,2403,£84771.88
Stacy,2404,£135464.65
Ella,2405,£498647.19
Ella,2406,£469594.39
Ella,2407,£825052.68
Steve,2408,£727437.47
Rob,2409,£233850.25
Ella,2410,£436994.75
Emma,2411,£72536.93
Phil,2412,£699065.31
Ella,2413,£163592.43
Phil,2414,£784471.33
Peter,2415,£448099.03
Phil,2416,£480132.22
David,2417,£260524.28
Dave,2418,£580777.84
Steph,2419,£549442.25
Peter,2420,£201173.01
Rob,2421,£968461.05
Paula,2422,£249899.36
Mike,2423,£258611.62
Paula,2424,£181062.44
Emma,2425,£181459.09
Dave,2426,£164939.29
Paula,2427,£255004.33
Dave,2428,£283154.27
Rob,2429,£665550.58
Ella,2430,£456799.88
Rob,2431,£902475.87
Steve,2432,£731161.09
Peter,2433,£480665.5
Rob,2434,£707480.04
Paula,2435,£412449.41
Mike,2436,£109258.09
Ella,2437,£334459.62
Ella,2438,£674864.3
Dave,2439,£53029.68
Dave,2440,£135639.43
Ella,2441,£500212.3
Mike,2442,£338092.75
Paula,2443,£225980.86
Mike,2444,£100543.71
Peter,2445,£94851.62
Emma,2446,£47619.15
Emma,2447,£22912.56
Rob,2448,£275474.98
Paula,2449,£55284.47
Phil,2450,£772403.34
Emma,2451,£161819.71
Mike,2452,£197328.89
Ella,2453,£680169.29
Dave,2454,£588868.37
Ella,2455,£164056.92
Dave,2456,£575592.11
Peter,2457,£191690.6
Rob,2458,£468994.66
Rob,2459,£69288.2
Paula,2460,£342154.39
Rob,2461,£916471.99
Phil,2462,£671007.4
Paula,2463,£361054.53
Emma,2464,£191894.98
Emma,2465,£115857.09
Paula,2466,£440217.56
Steph,2467,£123960.54
Steph,2468,£182224.15
Emma,2469,£104339.82
Rob,2470,£65883.87
Phil,2471,£737835.38
Peter,2472,£576937.25
Steph,2473,£630210
Emma,2474,£16037.84
Mike,2475,£153823.6
Dave,2476,£547927.77
Paula,2477,£439126.44
Peter,2478,£608737.14
Emma,2479,£17848.9
Dave,2480,£252307.5
Ella,2481,£749412.4
Rob,2482,£193337.37
Steph,2483,£238093.07
Mike,2484,£129992.77
Emma,2485,£101756.07
Peter,2486,£278620.3
Ella,2487,£97815.23
Mike,2488,£43433.06
Peter,2489,£675646.96
Stacy,2490,£584105.09
Peter,2491,£224125.39
Stacy,2492,£423262.61
Phil,2493,£479628.23
Rob,2494,£893791.59
Phil,2495,£504472.21
Emma,2496,£42081.94
Dave,2497,£255004.33
Steve,2498,£749257.11
Steph,2499,£732298.35
Dave,2500,£344886.43
Phil,2501,£818146.03
Phil,2502,£238095.79
Rob,2503,£522639.11
Steph,2504,£579160.64
Phil,2505,£362684.68
Steph,2506,£441507.84
Phil,2507,£790518.83
Ella,2508,£333876.9
Rob,2509,£415071.23
Ella,2510,£315390.59
Rob,2511,£561230.77
Ella,2512,£883658.23
Dave,2513,£177475.18
Emma,2514,£150137.51
Emma,2515,£131129.04
Ella,2516,£671965.67
David,2517,£220358.93
Rob,2518,£413642.28
Dave,2519,£365859.73
Dave,2520,£33886.56
Dave,2521,£98376.49
Phil,2522,£921783.84
Paula,2523,£547927.77
David,2524,£556116.05
Rob,2525,£681211.25
Ella,2526,£122308.63
Ella,2527,£100331.26
Ella,2528,£406134.99
Rob,2529,£191895.11
Emma,2530,£13575.31
Steph,2531,£628312.25
Ella,2532,£156494.22
Emma,2533,£115503.02
Rob,2534,£84005.19
Stacy,2535,£535835.1
Ella,2536,£877867.16
Ella,2537,£840985.1
Phil,2538,£602264.76
Dave,2539,£70254.94
Phil,2540,£84490.31
Ella,2541,£470697.02
Rob,2542,£199765.38
Ella,2543,£159680.02
Phil,2544,£341123.12
Dave,2545,£142423.64
Peter,2546,£594995.7
Peter,2547,£937769.69
Emma,2548,£74869.8
Steph,2549,£99200.07
Mike,2550,£160989.5
Ella,2551,£310478.58
Emma,2552,£38338.12
Dave,2553,£73034.86
Rob,2554,£575840.06
Rob,2555,£101016.74
David,2556,£480418.21
Paula,2557,£108360.35
Ella,2558,£471096.09
Ella,2559,£130875.43
Emma,2560,£96204.22
Phil,2561,£201695.79
Rob,2562,£72963.05
Dave,2563,£226358.78
Rob,2564,£914561.98
Emma,2565,£142915.47
Stacy,2566,£283328.57
Dave,2567,£222276.58
Stacy,2568,£348362.12
Paula,2569,£205946.75
Phil,2570,£158088.99
Emma,2571,£123166.4
Mike,2572,£78092.22
Dave,2573,£480241.57
Ella,2574,£659224.06
Rob,2575,£411168.63
David,2576,£999497.61
Dave,2577,£133051.89
Dave,2578,£94560.05
Phil,2579,£265885.88
Ella,2580,£367406.01
Steve,2581,£772403.34
Dave,2582,£570996.15
Ella,2583,£502840.68
Steph,2584,£686827.87
Dave,2585,£65857.31
Emma,2586,£195180.77
Mike,2587,£265882.87
Ella,2588,£707158.56
Dave,2589,£160338.05
Paula,2590,£70649.59
Steve,2591,£775216.71
Steph,2592,£477625.12
Steph,2593,£303102.35
Ella,2594,£716135.97
Phil,2595,£557704.48
Paula,2596,£248857.49
Emma,2597,£111223.21
Emma,2598,£68224.62
Ella,2599,£752660.32
Dave,2600,£263590.78
Ella,2601,£258862.55
Steph,2602,£127825.97
Ella,2603,£68918.1
Mike,2604,£384402.56
Rob,2605,£225808.47
Emma,2606,£119784.29
Rob,2607,£367925.46
Phil,2608,£468994.66
David,2609,£186204.84
Rob,2610,£752092.38
Dave,2611,£285464.31
David,2612,£278620.3
Ella,2613,£276059.21
Rob,2614,£998296.06
Rob,2615,£362684.68
Ella,2616,£863044.78
Paula,2617,£77318.92
Dave,2618,£248044.81
David,2619,£864973.99
Phil,2620,£346613.01
Peter,2621,£191173.5
Steph,2622,£66353.42
David,2623,£540764.33
Peter,2624,£699065.31
Rob,2625,£809098.57
Peter,2626,£102553.02
Ella,2627,£472887.63
Phil,2628,£338898.97
Paula,2629,£160338.05
Paula,2630,£284316.05
Ella,2631,£886996.64
David,2632,£692274.51
Steve,2633,£784471.33
Ella,2634,£329770.5
Steph,2635,£275956.82
Phil,2636,£886534.89
Dave,2637,£436149.76
Rob,2638,£353453.23
Dave,2639,£127124.84
Rob,2640,£380246.54
Phil,2641,£690870.3
Ella,2642,£149011.83
David,2643,£215398
Mike,2644,£282793.85
Emma,2645,£147209.02
Dave,2646,£129693.33
Paula,2647,£181114.35
Ella,2648,£152250.05
Stacy,2649,£35096.11
Rob,2650,£435905.33
Rob,2651,£760324.51
Dave,2652,£535835.1
Ella,2653,£355303.91
Peter,2654,£59800.68
Rob,2655,£333004.91
Ella,2656,£494765.83
Rob,2657,£134920.91
Peter,2658,£425568.91
Steph,2659,£414435.07
Steph,2660,£608735.07
Rob,2661,£619073.32
Phil,2662,£976173.48
Stacy,2663,£516036.76
Steve,2664,£794222.74
Ella,2665,£627858.18
Steve,2666,£794504.91
Emma,2667,£139666.82
Steph,2668,£412324.55
Emma,2669,£156629.43
Ella,2670,£640540.97
Steph,2671,£215810.87
Steph,2672,£379065.72
Paula,2673,£527884.49
Steph,2674,£357929.41
Peter,2675,£806402.7
Ella,2676,£759150.44
Rob,2677,£587122.65
Rob,2678,£690655.4
Peter,2679,£142405.84
Stacy,2680,£218682.2
Phil,2681,£106252.58
Phil,2682,£435905.33
Dave,2683,£212607.23
Steph,2684,£141602.86
Dave,2685,£112278.05
Paula,2686,£292795.09
Dave,2687,£107041.53
Stacy,2688,£497635.06
Ella,2689,£115852.71
Phil,2690,£325790.84
David,2691,£249227.04
Rob,2692,£611178
Rob,2693,£286169.82
Paula,2694,£329464.41
Phil,2695,£681211.25
Phil,2696,£260524.28
David,2697,£425568.91
Peter,2698,£374349.04
Ella,2699,£678824.73
Emma,2700,£12941.64
Emma,2701,£96684.01
Stacy,2702,£283479.28
Emma,2703,£100931.73
Rob,2704,£71143.76
Steph,2705,£130083.82
Dave,2706,£390124.83
Mike,2707,£80844.67
Ella,2708,£90130.39
Emma,2709,£174428.35
Paula,2710,£350403.96
Ella,2711,£58769.03
Mike,2712,£239195.13
Paula,2713,£416588.22
Rob,2714,£493141.64
Rob,2715,£576937.25
Rob,2716,£841048.95
Mike,2717,£41757.9
Mike,2718,£358996.52
Mike,2719,£119285.74
Ella,2720,£800055.41
Ella,2721,£619584.79
Mike,2722,£197636.56
Rob,2723,£377702.44
Paula,2724,£276366.22
Phil,2725,£749257.11
Rob,2726,£671007.4
Phil,2727,£295891.37
Peter,2728,£884873.1
Paula,2729,£365859.73
Mike,2730,£67291.72
Ella,2731,£400647.18
Emma,2732,£90010.09
Dave,2733,£428459.43
Ella,2734,£182074.88
Steph,2735,£539685.29
Dave,2736,£599693.81
Steph,2737,£289413.08
Steph,2738,£460729.79
Phil,2739,£952411.65
Dave,2740,£276366.22
Phil,2741,£273897.73
Rob,2742,£256208.85
Steph,2743,£352616.41
Rob,2744,£486595.65
Ella,2745,£434845.57
Rob,2746,£109722.93
Rob,2747,£326749.09
Steph,2748,£587750.92
Emma,2749,£158461.47
Phil,2750,£736045.11
David,2751,£415071.23
Dave,2752,£416588.22
Dave,2753,£396161.88
Dave,2754,£503123.52
Ella,2755,£698878.11
Steph,2756,£737982.69
Emma,2757,£72720.91
Steph,2758,£564665.44
Peter,2759,£371600.71
Ella,2760,£865961.23
Ella,2761,£63858.71
Peter,2762,£812320.06
Steph,2763,£794789.93
David,2764,£380246.54
Peter,2765,£561230.77
David,2766,£959474.9
Rob,2767,£480132.22
Dave,2768,£363023.22
Paula,2769,£433940.27
Steph,2770,£146178.71
Peter,2771,£577515.14
Steve,2772,£826509.84
Peter,2773,£193337.37
Ella,2774,£690947.27
David,2775,£993208.47
Mike,2776,£362923.7
Dave,2777,£48335.88
Emma,2778,£90917.64
Rob,2779,£983893.36
Peter,2780,£907295.48
Emma,2781,£195234.69
Emma,2782,£147567.07
Emma,2783,£50700.1
Stacy,2784,£527884.49
Steph,2785,£608435.38
Dave,2786,£218682.2
Peter,2787,£602264.76
Steph,2788,£617807.22
Stacy,2789,£57399.55
Rob,2790,£479628.23
Steve,2791,£832043.72
Steph,2792,£320288.23
Ella,2793,£424889.96
Steph,2794,£774436.85
Stacy,2795,£585478.36
Peter,2796,£718543.11
Dave,2797,£104983.09
Paula,2798,£95111.55
Phil,2799,£312624.05
Peter,2800,£952411.65
Emma,2801,£13176.77
Ella,2802,£624666.66
Steph,2803,£295611.45
Ella,2804,£333007.38
Phil,2805,£532685.24
Rob,2806,£860372.05
Dave,2807,£243501.31
Phil,2808,£437453.86
Phil,2809,£64708.23
Paula,2810,£212607.23
Dave,2811,£468640.94
Phil,2812,£808421.1
Dave,2813,£412449.41
Peter,2814,£346613.01
Steph,2815,£746000.41
Emma,2816,£133518.42
Ella,2817,£436560.7
Dave,2818,£477081.64
Emma,2819,£71284
Phil,2820,£220358.93
Emma,2821,£93798.93
Peter,2822,£711479.16
Dave,2823,£83977.02
Dave,2824,£198431.88
Steph,2825,£89654.81
Phil,2826,£123600.09
Phil,2827,£94851.62
Ella,2828,£383157.67
Emma,2829,£13895.55
Rob,2830,£258352.32
Ella,2831,£521470.17
Peter,2832,£974576.52
Steph,2833,£555491.86
Peter,2834,£998296.06
Steph,2835,£278361.5
Peter,2836,£286169.82
David,2837,£134920.91
Ella,2838,£135468.63
Mike,2839,£227118.88
Emma,2840,£158103.76
Steph,2841,£541613.33
Peter,2842,£69288.2
Ella,2843,£776154.95
Stacy,2844,£269056.91
Phil,2845,£176956.25
Rob,2846,£64708.23
Emma,2847,£141496
Steph,2848,£766638.46
Rob,2849,£779143.2
Ella,2850,£745753.37
Stacy,2851,£485614.01
Dave,2852,£207754.94
Emma,2853,£158844.54
Emma,2854,£14228.75
Mike,2855,£211364.31
Phil,2856,£692274.51
Steph,2857,£331942.14
Mike,2858,£132285.15
Peter,2859,£275977.36
Rob,2860,£874835.35
Paula,2861,£239281.67
David,2862,£904804.1
Ella,2863,£447637.28
Ella,2864,£871780.94
Emma,2865,£172994.79
Steph,2866,£191478.76
Ella,2867,£255115.9
Peter,2868,£894720.8
Dave,2869,£547865.38
Steph,2870,£566146.27
Ella,2871,£481470.7
Paula,2872,£494262.31
Phil,2873,£619073.32
Steph,2874,£482231.41
Peter,2875,£558970.31
David,2876,£309876.57
Mike,2877,£245092.59
Emma,2878,£77388.89
Peter,2879,£273897.73
Emma,2880,£138174.06
Rob,2881,£752804.11
Dave,2882,£350403.96
Dave,2883,£31895.28
Mike,2884,£175396.58
Rob,2885,£470759.59
Ella,2886,£729193.46
Rob,2887,£811348.02
Peter,2888,£219524.25
Stacy,2889,£304810.64
Peter,2890,£874835.35
Ella,2891,£166805.34
Steph,2892,£520891.39
Steph,2893,£347645.09
Dave,2894,£220726.01
Dave,2895,£131391.37
Mike,2896,£39007.87
Phil,2897,£894720.8
Ella,2898,£731192.65
Steve,2899,£857672.51
Peter,2900,£367274.18
Phil,2901,£486595.65
Dave,2902,£473416.81
Ella,2903,£289021.13
Mike,2904,£225293.48
Ella,2905,£280498.95
Mike,2906,£319375.81
Steph,2907,£704024.24
Peter,2908,£504472.21
Emma,2909,£196347.13
Rob,2910,£722622.83
Mike,2911,£297928.62
Peter,2912,£652384.45
Ella,2913,£135670.18
Ella,2914,£675651.1
Rob,2915,£102553.02
Mike,2916,£397354.87
Emma,2917,£137630.16
Mike,2918,£118012.23
Rob,2919,£633909.84
Peter,2920,£180547.14
Ella,2921,£311664.01
Dave,2922,£160720.12
Mike,2923,£49869.67
Ella,2924,£368169.15
Emma,2925,£98925.61
Steph,2926,£794495.29
David,2927,£608737.14
Steph,2928,£779393.6
Rob,2929,£534643.8
Emma,2930,£18970.32
Ella,2931,£744771.97
Dave,2932,£112719.55
Steve,2933,£864973.99
Peter,2934,£423434.67
Stacy,2935,£584923.63
Dave,2936,£430945.91
Mike,2937,£65204.6
David,2938,£727437.47
Stacy,2939,£376877.68
Phil,2940,£521699.12
Steph,2941,£457564.9
Steph,2942,£580442.88
Ella,2943,£136229.91
Dave,2944,£449340.61
Rob,2945,£942927.74
Mike,2946,£247306
Steph,2947,£640735.77
Paula,2948,£468640.94
Phil,2949,£579285.46
Ella,2950,£122888.01
Phil,2951,£904804.1
Rob,2952,£798320.49
Rob,2953,£872141.78
Dave,2954,£79219.22
Emma,2955,£147626.85
Ella,2956,£362000.13
Dave,2957,£57399.55
Ella,2958,£368282.7
Dave,2959,£247939.16
Peter,2960,£993208.47
Rob,2961,£710016.38
Stacy,2962,£128421.15
Steph,2963,£267175.51
Emma,2964,£196824.43
Phil,2965,£215398
Rob,2966,£556116.05
Ella,2967,£683442.88
Peter,2968,£312624.05
David,2969,£587122.65
Mike,2970,£264612.89
Ella,2971,£427478.52
David,2972,£253500.51
Ella,2973,£225804.49
Ella,2974,£277511.93
Paula,2975,£584505.05
Mike,2976,£185023.47
Rob,2977,£750687.57
Stacy,2978,£549091.87
Ella,2979,£176958.78
Peter,2980,£579285.46
Dave,2981,£123175.3
David,2982,£306738.2
Peter,2983,£404006.99
Emma,2984,£152804.75
Emma,2985,£14592.61
Dave,2986,£488238.89
Emma,2987,£180495.17
Steve,2988,£881588.35
Steve,2989,£881675.76
Steph,2990,£631659.66
Phil,2991,£520636.81
Paula,2992,£96257.83
Ella,2993,£384125.76
Ella,2994,£414159.55
Ella,2995,£289260.22
Emma,2996,£83014.24
Mike,2997,£297893.78
Rob,2998,£832043.72
Emma,2999,£110285.84
Peter,3000,£306738.2
Emma,3001,£21250.51
Steph,3002,£41921.4
Dave,3003,£527884.49
Steve,3004,£886534.89
Paula,3005,£570996.15
Ella,3006,£489104.93
Rob,3007,£211863.41
Rob,3008,£324084.6
Emma,3009,£163674.37
Steph,3010,£339874.26
Peter,3011,£480418.21
Steve,3012,£888297.22
Steve,3013,£888379.88
Peter,3014,£916471.99
Mike,3015,£234800.86
Steph,3016,£547238.01
Ella,3017,£488877.11
Emma,3018,£142295.83
Paula,3019,£52093.36
Phil,3020,£67876.55
Dave,3021,£70649.59
Mike,3022,£178900.61
Ella,3023,£688532.57
Mike,3024,£154653.03
Phil,3025,£69288.2
Steph,3026,£212753.4
Emma,3027,£46770.05
Rob,3028,£158088.99
Mike,3029,£53260.5
Rob,3030,£370055.1
Dave,3031,£267585.88
Steph,3032,£37943.71
Steph,3033,£468067.44
Emma,3034,£176335.15
Steph,3035,£708033.54
Steph,3036,£378865.29
Emma,3037,£44071.78
Ella,3038,£207302.32
Mike,3039,£111147.74
Ella,3040,£899123.31
Ella,3041,£356809.11
Steph,3042,£756497.55
Ella,3043,£65994.81
Peter,3044,£772403.34
Paula,3045,£348362.12
Phil,3046,£75954.54
Peter,3047,£380246.54
Emma,3048,£74011.02
Dave,3049,£309061.1
Emma,3050,£65290.94
Ella,3051,£790042.44
Rob,3052,£655645.23
Phil,3053,£283553.53
Ella,3054,£297617.6
Dave,3055,£444246.99
Emma,3056,£36471.57
Ella,3057,£459920.62
Ella,3058,£535617.57
Steph,3059,£799592.8
Peter,3060,£468994.66
Steve,3061,£904804.1
Ella,3062,£375364.14
Rob,3063,£437453.86
Mike,3064,£203685.98
Emma,3065,£38234.7
Ella,3066,£859091.45
Dave,3067,£124829.28
Steph,3068,£72595.6
Emma,3069,£67779.79
Phil,3070,£826509.84
Rob,3071,£283553.53
Peter,3072,£981735.67
Emma,3073,£55724.06
Stacy,3074,£378746.3
Peter,3075,£993571.99
Phil,3076,£457001.85
Ella,3077,£799029.14
Paula,3078,£177475.18
Phil,3079,£518958.44
Peter,3080,£56472.37
Dave,3081,£101668.64
Ella,3082,£321510.78
Ella,3083,£882636.38
Emma,3084,£191990.5
Emma,3085,£104088.94
Paula,3086,£135464.65
Ella,3087,£496941.86
Ella,3088,£389570.6
Rob,3089,£775216.71
Rob,3090,£772403.34
Ella,3091,£521987.23
Emma,3092,£157308.96
Dave,3093,£473834.03
Mike,3094,£187576.46
Mike,3095,£197732.87
Phil,3096,£87166.38
Rob,3097,£339723.29
Mike,3098,£207077.59
Mike,3099,£347410.92
Rob,3100,£784471.33
Mike,3101,£329260.62
Mike,3102,£96025.23
Ella,3103,£386035.34
Ella,3104,£701390.22
Emma,3105,£181004.91
Peter,3106,£199765.38
Steph,3107,£568657.43
Emma,3108,£11960.13
Stacy,3109,£248857.49
Steph,3110,£144843.96
David,3111,£483922.45
Emma,3112,£140336.6
Peter,3113,£557704.48
Ella,3114,£710474.56
Paula,3115,£371662.56
Phil,3116,£324084.6
Mike,3117,£63251.98
Phil,3118,£655645.23
Peter,3119,£832043.72
Emma,3120,£125070.61
Ella,3121,£434404.21
Rob,3122,£771112.43
Steph,3123,£48746.12
Ella,3124,£392068.99
David,3125,£975263.3
Mike,3126,£379096.22
Emma,3127,£87490.77
Paula,3128,£85015.53
Rob,3129,£877106.26
Ella,3130,£849625.92
Ella,3131,£103436.3
Peter,3132,£958839.66
Phil,3133,£411168.63
Ella,3134,£293089.3
Emma,3135,£158900.98
Emma,3136,£32446.47
Dave,3137,£357590.84
Ella,3138,£568616.96
Phil,3139,£552553.48
Ella,3140,£201679.59
Peter,3141,£448033.23
Emma,3142,£169835.74
Emma,3143,£11294.47
Rob,3144,£609880.56
Emma,3145,£63364.94
Steve,3146,£927365.05
Peter,3147,£576277.79
Ella,3148,£295233.59
Dave,3149,£159299.55
Steph,3150,£437839.38
Steph,3151,£659381.66
Phil,3152,£278620.3
Steph,3153,£269522.79
Paula,3154,£549091.87
Steph,3155,£422816.55
Paula,3156,£424154.14
Paula,3157,£307840.75
Peter,3158,£942927.74
Phil,3159,£934042.17
Emma,3160,£196778.67
Emma,3161,£34696
Dave,3162,£269056.91
Stacy,3163,£529833.18
Steph,3164,£242932.73
Peter,3165,£520636.81
Steve,3166,£933377.13
Ella,3167,£195585.34
Emma,3168,£195052.66
Ella,3169,£611881.99
Mike,3170,£332430.15
Paula,3171,£291861.16
Rob,3172,£155034.12
Paula,3173,£489302.43
Mike,3174,£378072.45
Steph,3175,£549268.06
Mike,3176,£77359.71
Dave,3177,£283328.57
Emma,3178,£61975.31
Stacy,3179,£247939.16
Rob,3180,£736045.11
Dave,3181,£330432.52
Rob,3182,£441899.79
David,3183,£275474.98
Rob,3184,£881675.76
Dave,3185,£283479.28
Steph,3186,£723019.91
Phil,3187,£532231.95
Ella,3188,£696360.88
Phil,3189,£470759.59
Peter,3190,£881675.76
Mike,3191,£366724.14
Dave,3192,£241122.77
Steph,3193,£307932.96
Peter,3194,£470759.59
Rob,3195,£135376.71
Steph,3196,£632214.52
Steph,3197,£474915.31
Paula,3198,£542114.97
Rob,3199,£520444.73
Steph,3200,£784270.6
Paula,3201,£464711.69
David,3202,£974576.52
Emma,3203,£61347.64
Mike,3204,£81549.9
Emma,3205,£154480.66
Dave,3206,£530846
Emma,3207,£19646.71
Stacy,3208,£163344.73
Peter,3209,£71143.76
Rob,3210,£888297.22
Mike,3211,£376378.6
Emma,3212,£177306.97
Emma,3213,£143313.46
Ella,3214,£93156.35
Mike,3215,£371710.59
Dave,3216,£189087.26
Ella,3217,£236420.5
Ella,3218,£646402.34
Phil,3219,£80189.22
Ella,3220,£783891.96
Steph,3221,£700391.39
Dave,3222,£140973.84
Phil,3223,£364381.46
Phil,3224,£983893.36
David,3225,£180547.14
Rob,3226,£540764.33
Steph,3227,£287686.95
Ella,3228,£264124.81
Ella,3229,£794052.73
Peter,3230,£454588.23
Dave,3231,£565215.96
Rob,3232,£553178.46
Peter,3233,£479628.23
Steph,3234,£352669.74
Ella,3235,£67257.86
Peter,3236,£483922.45
Peter,3237,£933377.13
Phil,3238,£441899.79
Paula,3239,£567288.41
Steph,3240,£780469.43
Phil,3241,£211863.41
Emma,3242,£146232.21
Peter,3243,£187796.09
Rob,3244,£385445
Rob,3245,£888379.88
Dave,3246,£489302.43
Steve,3247,£959474.9
Steph,3248,£172497.39
Rob,3249,£508780.36
Peter,3250,£792307.37
Dave,3251,£555730.91
Peter,3252,£429520.08
Ella,3253,£564789.6
Rob,3254,£786544.82
Steph,3255,£254040.27
Stacy,3256,£388137.47
Phil,3257,£149648.52
Paula,3258,£292504.79
Paula,3259,£267585.88
Peter,3260,£831696.22
Steph,3261,£164059.43
Ella,3262,£885767.93
Ella,3263,£878681.53
Phil,3264,£353453.23
Emma,3265,£126781.96
Paula,3266,£470899.73
Peter,3267,£482523.54
Phil,3268,£200489.77
Ella,3269,£730969.9
Ella,3270,£647699.36
Steph,3271,£630866.41
Dave,3272,£248857.49
Dave,3273,£531920.09
Rob,3274,£818371.86
Ella,3275,£285055.62
Ella,3276,£275567.21
Paula,3277,£585478.36
Emma,3278,£190482.33
Dave,3279,£540561.61
Ella,3280,£80859.75
Mike,3281,£353915.82
Ella,3282,£448582.16
Ella,3283,£762462.04
Dave,3284,£316898.05
Mike,3285,£44475.32
Paula,3286,£284611.72
Ella,3287,£468387.06
Phil,3288,£608737.14
Rob,3289,£933377.13
Steve,3290,£974576.52
Mike,3291,£213300.65
Paula,3292,£48335.88
Ella,3293,£794130.94
Rob,3294,£312709.22
Phil,3295,£454588.23
Steve,3296,£975903.85
Paula,3297,£314907.68
Steve,3298,£976173.48
Ella,3299,£287366.05
Emma,3300,£84686.93
Paula,3301,£485614.01
Phil,3302,£275474.98
Paula,3303,£257142.93
Steph,3304,£128559.4
Peter,3305,£75954.54
Ella,3306,£550945.76
Emma,3307,£54779.54
Paula,3308,£107356.69
Rob,3309,£975263.3
Ella,3310,£183267.35
Dave,3311,£26973.25
Phil,3312,£703345.06
Emma,3313,£70373.71
Phil,3314,£276916.36
Mike,3315,£392886.52
Steve,3316,£981735.67
Peter,3317,£766352.83
Ella,3318,£174802.13
Ella,3319,£877252.67
Mike,3320,£289610.43
Rob,3321,£393809.07
Phil,3322,£486200.54
Emma,3323,£146120.85
Rob,3324,£778024.37
Rob,3325,£515323.07
Rob,3326,£993571.99
David,3327,£265885.88
Dave,3328,£95111.55
Steph,3329,£316931.98
Mike,3330,£84983.36
Phil,3331,£101016.74
Emma,3332,£32132.05
Dave,3333,£264820.22
Dave,3334,£249899.36
Emma,3335,£175421.25
Ella,3336,£899550.49
Ella,3337,£709013.79
David,3338,£238095.79
Steph,3339,£213160.6
Emma,3340,£115387.45
Emma,3341,£29929.7
Emma,3342,£57233.96
Dave,3343,£124320.57
Ella,3344,£713294.09
Rob,3345,£325064.42
Phil,3346,£690655.4
Dave,3347,£102038.7
Phil,3348,£615832.03
Ella,3349,£885793.54
Ella,3350,£527485.91
Phil,3351,£504658.69
Emma,3352,£134201.48
Ella,3353,£407939.88
Steve,3354,£993208.47
Ella,3355,£55791.07
Phil,3356,£495474.18
Rob,3357,£652384.45
Paula,3358,£563035.7
Peter,3359,£905024.57
Ella,3360,£796991.72
Dave,3361,£32871.2
Peter,3362,£975263.3
Steph,3363,£709528.95
Paula,3364,£44918.49
Mike,3365,£374052.14
Dave,3366,£433880.31
Stacy,3367,£43651.93
Phil,3368,£297915.82
Steph,3369,£390382.74
Rob,3370,£306761.36
Ella,3371,£70545.89
Ella,3372,£665431.65
Rob,3373,£260524.28
Stacy,3374,£121805.73
Ella,3375,£176313.13
Ella,3376,£158799.34
Mike,3377,£213714.39
Rob,3378,£404006.99
Stacy,3379,$474584.18
Steve,3380,$999497.61
Paula,3381,$531920.09
David,3382,$532231.95
